Workbook
Name ScrollableTable: OFFSET('Pivot Table'!$A$214:$H$249, 'Pivot Table'!A1048562:F1048571, 0, 12, 7)
Name Slicer_fiscal_year: #N/A
Name Slicer_fiscal_year1: #N/A
Name Slicer_fiscal_year3: #N/A
Name Slicer_Months__date: #N/A
Name Slicer_vehicle_category: #N/A
Name Slicer_vehicle_category1: #N/A
Name Slicer_vehicle_category2: #N/A
Name Slicer_vehicle_category3: #N/A

Sheet dim_date
A1: date | B1: fiscal_year | C1: quarter
A2: 44287 | B2: 2022 | C2: Q1
A3: 44317 | B3: 2022 | C3: Q1
A4: 44348 | B4: 2022 | C4: Q1
A5: 44378 | B5: 2022 | C5: Q2
A6: 44409 | B6: 2022 | C6: Q2
A7: 44440 | B7: 2022 | C7: Q2
A8: 44470 | B8: 2022 | C8: Q3
A9: 44501 | B9: 2022 | C9: Q3
A10: 44531 | B10: 2022 | C10: Q3
A11: 44562 | B11: 2022 | C11: Q4
A12: 44593 | B12: 2022 | C12: Q4
A13: 44621 | B13: 2022 | C13: Q4
... A37: 45352 | B37: 2024 | C37: Q4

Sheet electric_vehicle_sales_by_maker
A1: date | B1: fiscal_year | C1: vehicle_category | D1: maker | E1: electric_vehicles_sold
A2: 44287 | B2: =VLOOKUP(electric_vehicle_sales_by_makers[[#This Row],[date]], dim_date!A:C, 2, FALSE) -> 2022 | C2: 2-Wheelers | D2: AMPERE | E2: 751
A3: 44652 | B3: =VLOOKUP(electric_vehicle_sales_by_makers[[#This Row],[date]], dim_date!A:C, 2, FALSE) -> 2023 | C3: 2-Wheelers | D3: AMPERE | E3: 6864
A4: 45017 | B4: =VLOOKUP(electric_vehicle_sales_by_makers[[#This Row],[date]], dim_date!A:C, 2, FALSE) -> 2024 | C4: 2-Wheelers | D4: AMPERE | E4: 8767
A5: 44317 | B5: =VLOOKUP(electric_vehicle_sales_by_makers[[#This Row],[date]], dim_date!A:C, 2, FALSE) -> 2022 | C5: 2-Wheelers | D5: AMPERE | E5: 147
A6: 44682 | B6: =VLOOKUP(electric_vehicle_sales_by_makers[[#This Row],[date]], dim_date!A:C, 2, FALSE) -> 2023 | C6: 2-Wheelers | D6: AMPERE | E6: 6176
A7: 45047 | B7: =VLOOKUP(electric_vehicle_sales_by_makers[[#This Row],[date]], dim_date!A:C, 2, FALSE) -> 2024 | C7: 2-Wheelers | D7: AMPERE | E7: 10659
A8: 44348 | B8: =VLOOKUP(electric_vehicle_sales_by_makers[[#This Row],[date]], dim_date!A:C, 2, FALSE) -> 2022 | C8: 2-Wheelers | D8: AMPERE | E8: 299
A9: 44713 | B9: =VLOOKUP(electric_vehicle_sales_by_makers[[#This Row],[date]], dim_date!A:C, 2, FALSE) -> 2023 | C9: 2-Wheelers | D9: AMPERE | E9: 6919
A10: 45078 | B10: =VLOOKUP(electric_vehicle_sales_by_makers[[#This Row],[date]], dim_date!A:C, 2, FALSE) -> 2024 | C10: 2-Wheelers | D10: AMPERE | E10: 3006
A11: 44378 | B11: =VLOOKUP(electric_vehicle_sales_by_makers[[#This Row],[date]], dim_date!A:C, 2, FALSE) -> 2022 | C11: 2-Wheelers | D11: AMPERE | E11: 663
A12: 44743 | B12: =VLOOKUP(electric_vehicle_sales_by_makers[[#This Row],[date]], dim_date!A:C, 2, FALSE) -> 2023 | C12: 2-Wheelers | D12: AMPERE | E12: 6812
A13: 45108 | B13: =VLOOKUP(electric_vehicle_sales_by_makers[[#This Row],[date]], dim_date!A:C, 2, FALSE) -> 2024 | C13: 2-Wheelers | D13: AMPERE | E13: 3530
... A817: 45352 | B817: =VLOOKUP(electric_vehicle_sales_by_makers[[#This Row],[date]], dim_date!A:C, 2, FALSE) -> 2024 | C817: 4-Wheelers | D817: Volvo Auto India | E817: 39

Sheet electric_vehicle_sales_by_state
A1: date | B1: fiscal_year | C1: state | D1: vehicle_category | E1: electric_vehicles_sold | F1: total_vehicles_sold | G1: Avg_Price | H1: Revenue
A2: 44287 | B2: =VLOOKUP(electric_vehicle_sales_by_state[[#This Row],[date]], dim_date[#All],2, FALSE) -> 2022 | C2: Sikkim | D2: 2-Wheelers | E2: 0 | F2: 398 | G2: =IF(electric_vehicle_sales_by_state[[#This Row],[vehicle_category]]="2-Wheelers",85000,1500000) -> 85000 | H2: =(electric_vehicle_sales_by_state[[#This Row],[electric_vehicles_sold]]*electric_vehicle_sales_by_state[[#This Row],[Avg_Price]]) -> 0
A3: 44317 | B3: =VLOOKUP(electric_vehicle_sales_by_state[[#This Row],[date]], dim_date[#All],2, FALSE) -> 2022 | C3: Sikkim | D3: 2-Wheelers | E3: 0 | F3: 113 | G3: =IF(electric_vehicle_sales_by_state[[#This Row],[vehicle_category]]="2-Wheelers",85000,1500000) -> 85000 | H3: =(electric_vehicle_sales_by_state[[#This Row],[electric_vehicles_sold]]*electric_vehicle_sales_by_state[[#This Row],[Avg_Price]]) -> 0
A4: 44348 | B4: =VLOOKUP(electric_vehicle_sales_by_state[[#This Row],[date]], dim_date[#All],2, FALSE) -> 2022 | C4: Sikkim | D4: 2-Wheelers | E4: 0 | F4: 229 | G4: =IF(electric_vehicle_sales_by_state[[#This Row],[vehicle_category]]="2-Wheelers",85000,1500000) -> 85000 | H4: =(electric_vehicle_sales_by_state[[#This Row],[electric_vehicles_sold]]*electric_vehicle_sales_by_state[[#This Row],[Avg_Price]]) -> 0
A5: 44378 | B5: =VLOOKUP(electric_vehicle_sales_by_state[[#This Row],[date]], dim_date[#All],2, FALSE) -> 2022 | C5: Sikkim | D5: 2-Wheelers | E5: 0 | F5: 458 | G5: =IF(electric_vehicle_sales_by_state[[#This Row],[vehicle_category]]="2-Wheelers",85000,1500000) -> 85000 | H5: =(electric_vehicle_sales_by_state[[#This Row],[electric_vehicles_sold]]*electric_vehicle_sales_by_state[[#This Row],[Avg_Price]]) -> 0
A6: 44409 | B6: =VLOOKUP(electric_vehicle_sales_by_state[[#This Row],[date]], dim_date[#All],2, FALSE) -> 2022 | C6: Sikkim | D6: 2-Wheelers | E6: 0 | F6: 489 | G6: =IF(electric_vehicle_sales_by_state[[#This Row],[vehicle_category]]="2-Wheelers",85000,1500000) -> 85000 | H6: =(electric_vehicle_sales_by_state[[#This Row],[electric_vehicles_sold]]*electric_vehicle_sales_by_state[[#This Row],[Avg_Price]]) -> 0
A7: 44440 | B7: =VLOOKUP(electric_vehicle_sales_by_state[[#This Row],[date]], dim_date[#All],2, FALSE) -> 2022 | C7: Sikkim | D7: 2-Wheelers | E7: 0 | F7: 540 | G7: =IF(electric_vehicle_sales_by_state[[#This Row],[vehicle_category]]="2-Wheelers",85000,1500000) -> 85000 | H7: =(electric_vehicle_sales_by_state[[#This Row],[electric_vehicles_sold]]*electric_vehicle_sales_by_state[[#This Row],[Avg_Price]]) -> 0
A8: 44470 | B8: =VLOOKUP(electric_vehicle_sales_by_state[[#This Row],[date]], dim_date[#All],2, FALSE) -> 2022 | C8: Sikkim | D8: 2-Wheelers | E8: 0 | F8: 455 | G8: =IF(electric_vehicle_sales_by_state[[#This Row],[vehicle_category]]="2-Wheelers",85000,1500000) -> 85000 | H8: =(electric_vehicle_sales_by_state[[#This Row],[electric_vehicles_sold]]*electric_vehicle_sales_by_state[[#This Row],[Avg_Price]]) -> 0
A9: 44501 | B9: =VLOOKUP(electric_vehicle_sales_by_state[[#This Row],[date]], dim_date[#All],2, FALSE) -> 2022 | C9: Sikkim | D9: 2-Wheelers | E9: 0 | F9: 478 | G9: =IF(electric_vehicle_sales_by_state[[#This Row],[vehicle_category]]="2-Wheelers",85000,1500000) -> 85000 | H9: =(electric_vehicle_sales_by_state[[#This Row],[electric_vehicles_sold]]*electric_vehicle_sales_by_state[[#This Row],[Avg_Price]]) -> 0
A10: 44531 | B10: =VLOOKUP(electric_vehicle_sales_by_state[[#This Row],[date]], dim_date[#All],2, FALSE) -> 2022 | C10: Sikkim | D10: 2-Wheelers | E10: 0 | F10: 454 | G10: =IF(electric_vehicle_sales_by_state[[#This Row],[vehicle_category]]="2-Wheelers",85000,1500000) -> 85000 | H10: =(electric_vehicle_sales_by_state[[#This Row],[electric_vehicles_sold]]*electric_vehicle_sales_by_state[[#This Row],[Avg_Price]]) -> 0
A11: 44562 | B11: =VLOOKUP(electric_vehicle_sales_by_state[[#This Row],[date]], dim_date[#All],2, FALSE) -> 2022 | C11: Sikkim | D11: 2-Wheelers | E11: 0 | F11: 400 | G11: =IF(electric_vehicle_sales_by_state[[#This Row],[vehicle_category]]="2-Wheelers",85000,1500000) -> 85000 | H11: =(electric_vehicle_sales_by_state[[#This Row],[electric_vehicles_sold]]*electric_vehicle_sales_by_state[[#This Row],[Avg_Price]]) -> 0
A12: 44593 | B12: =VLOOKUP(electric_vehicle_sales_by_state[[#This Row],[date]], dim_date[#All],2, FALSE) -> 2022 | C12: Sikkim | D12: 2-Wheelers | E12: 0 | F12: 384 | G12: =IF(electric_vehicle_sales_by_state[[#This Row],[vehicle_category]]="2-Wheelers",85000,1500000) -> 85000 | H12: =(electric_vehicle_sales_by_state[[#This Row],[electric_vehicles_sold]]*electric_vehicle_sales_by_state[[#This Row],[Avg_Price]]) -> 0
A13: 44621 | B13: =VLOOKUP(electric_vehicle_sales_by_state[[#This Row],[date]], dim_date[#All],2, FALSE) -> 2022 | C13: Sikkim | D13: 2-Wheelers | E13: 0 | F13: 460 | G13: =IF(electric_vehicle_sales_by_state[[#This Row],[vehicle_category]]="2-Wheelers",85000,1500000) -> 85000 | H13: =(electric_vehicle_sales_by_state[[#This Row],[electric_vehicles_sold]]*electric_vehicle_sales_by_state[[#This Row],[Avg_Price]]) -> 0
... A2446: 45352 | B2446: =VLOOKUP(electric_vehicle_sales_by_state[[#This Row],[date]], dim_date[#All],2, FALSE) -> 2024 | C2446: Manipur | D2446: 4-Wheelers | E2446: 2 | F2446: 370 | G2446: =IF(electric_vehicle_sales_by_state[[#This Row],[vehicle_category]]="2-Wheelers",85000,1500000) -> 1500000 | H2446: =(electric_vehicle_sales_by_state[[#This Row],[electric_vehicles_sold]]*electric_vehicle_sales_by_state[[#This Row],[Avg_Price]]) -> 3000000

Sheet PRC
A1: Penetration_Rate | B1: 2022 | D1: 2023 | F1: 2024 | H1: Penetration_Rate_Year_wise | K1: Penetration_Change | N1: Penetration_Rate According to vehicals & Category wise
A2: State | B2: Total_EV_Sales | C2: Total_vehicles_sold | D2: Total_EV_Sales2 | E2: Total_vehicles_sold3 | F2: Total_EV_Sales4 | G2: Total_vehicles_sold5 | H2: PR_2022 | I2: PR_2023 | J2: PR_2024 | K2: PRC_2022-2023 | L2: PRC_2023-2024 | M2: PRC_2022-2024 | N2: PR_2-wheeler_2022 | O2: PR_4-wheeler_2022 | P2: PR_2-wheeler_2023 | Q2: PR_4-wheeler_2023 | R2: PR_2-wheeler_2024 | S2: PR_4-wheeler_2024
A3: Sikkim | B3: =SUMIFS(electric_vehicle_sales_by_state[electric_vehicles_sold],electric_vehicle_sales_by_state[state], A3,electric_vehicle_sales_by_state[fiscal_year],2022) -> 0 | C3: =SUMIFS(electric_vehicle_sales_by_state[total_vehicles_sold],electric_vehicle_sales_by_state[state], A3,electric_vehicle_sales_by_state[fiscal_year],2022) -> 8897 | D3: =SUMIFS(electric_vehicle_sales_by_state[electric_vehicles_sold],electric_vehicle_sales_by_state[state], A3,electric_vehicle_sales_by_state[fiscal_year],2023) -> 0 | E3: =SUMIFS(electric_vehicle_sales_by_state[total_vehicles_sold],electric_vehicle_sales_by_state[state], A3,electric_vehicle_sales_by_state[fiscal_year],2023) -> 9931 | F3: =SUMIFS(electric_vehicle_sales_by_state[electric_vehicles_sold],electric_vehicle_sales_by_state[state], A3,electric_vehicle_sales_by_state[fiscal_year],2024) -> 0 | G3: =SUMIFS(electric_vehicle_sales_by_state[total_vehicles_sold],electric_vehicle_sales_by_state[state], A3,electric_vehicle_sales_by_state[fiscal_year],2024) -> 10518 | H3: =IFERROR((B3/C3), 0) -> 0 | I3: =IFERROR((D3/E3), 0) -> 0 | J3: =IFERROR((F3/G3), 0) -> 0 | K3: =IFERROR((I3-H3),0) -> 0 | L3: =IFERROR((J3-I3),0) -> 0 | M3: =IFERROR((Table8[[#This Row],[PR_2024]]-Table8[[#This Row],[PR_2022]]),0) -> 0 | N3: =IFERROR( SUMIFS( electric_vehicle_sales_by_state[electric_vehicles_sold], electric_vehicle_sales_by_state[state], A3, electric_vehicle_sales_by_state[vehicle_category], "2-Wheelers", electric_vehicle_sales_by_state[fiscal_year], 2022 ) / SUMIFS( electric_vehicle_sales_by_state[total_vehicles_sold], electric_vehicle_sales_by_state[state], A3, electric_vehicle_sales_by_state[vehicle_category], "2-Wheelers", electric_vehicle_sales_by_state[fiscal_year], 2022 ), 0) -> 0 | O3: =IFERROR( SUMIFS( electric_vehicle_sales_by_state[electric_vehicles_sold], electric_vehicle_sales_by_state[state], A3, electric_vehicle_sales_by_state[vehicle_category], "4-Wheelers", electric_vehicle_sales_by_state[fiscal_year], 2022 ) / SUMIFS( electric_vehicle_sales_by_state[total_vehicles_sold], electric_vehicle_sales_by_state[state], A3, electric_vehicle_sales_by_state[vehicle_category], "4-Wheelers", electric_vehicle_sales_by_state[fiscal_year], 2022 ), 0) -> 0 | P3: =IFERROR( SUMIFS( electric_vehicle_sales_by_state[electric_vehicles_sold], electric_vehicle_sales_by_state[state], A3, electric_vehicle_sales_by_state[vehicle_category], "2-Wheelers", electric_vehicle_sales_by_state[fiscal_year], 2023 ) / SUMIFS( electric_vehicle_sales_by_state[total_vehicles_sold], electric_vehicle_sales_by_state[state], A3, electric_vehicle_sales_by_state[vehicle_category], "2-Wheelers", electric_vehicle_sales_by_state[fiscal_year], 2023 ), 0) -> 0 | Q3: =IFERROR( SUMIFS( electric_vehicle_sales_by_state[electric_vehicles_sold], electric_vehicle_sales_by_state[state], A3, electric_vehicle_sales_by_state[vehicle_category], "4-Wheelers", electric_vehicle_sales_by_state[fiscal_year], 2023 ) / SUMIFS( electric_vehicle_sales_by_state[total_vehicles_sold], electric_vehicle_sales_by_state[state], A3, electric_vehicle_sales_by_state[vehicle_category], "4-Wheelers", electric_vehicle_sales_by_state[fiscal_year], 2023 ), 0) -> 0 | R3: =IFERROR( SUMIFS( electric_vehicle_sales_by_state[electric_vehicles_sold], electric_vehicle_sales_by_state[state], A3, electric_vehicle_sales_by_state[vehicle_category], "2-Wheelers", electric_vehicle_sales_by_state[fiscal_year], 2024 ) / SUMIFS( electric_vehicle_sales_by_state[total_vehicles_sold], electric_vehicle_sales_by_state[state], A3, electric_vehicle_sales_by_state[vehicle_category], "2-Wheelers", electric_vehicle_sales_by_state[fiscal_year], 2024 ), 0) -> 0 | S3: =IFERROR( SUMIFS( electric_vehicle_sales_by_state[electric_vehicles_sold], electric_vehicle_sales_by_state[state], A3, electric_vehicle_sales_by_state[vehicle_category], "4-Wheelers", electric_vehicle_sales_by_state[fiscal_year], 2024 ) / SUMIFS( electric_vehicle_sales_by_state[total_vehicles_sold], electric_vehicle_sales_by_state[state], A3, electric_vehicle_sales_by_state[vehicle_category], "4-Wheelers", electric_vehicle_sales_by_state[fiscal_year], 2024 ), 0) -> 0
A4: Andaman & Nicobar Island | B4: =SUMIFS(electric_vehicle_sales_by_state[electric_vehicles_sold],electric_vehicle_sales_by_state[state], A4,electric_vehicle_sales_by_state[fiscal_year],2022) -> 22 | C4: =SUMIFS(electric_vehicle_sales_by_state[total_vehicles_sold],electric_vehicle_sales_by_state[state], A4,electric_vehicle_sales_by_state[fiscal_year],2022) -> 5148 | D4: =SUMIFS(electric_vehicle_sales_by_state[electric_vehicles_sold],electric_vehicle_sales_by_state[state], A4,electric_vehicle_sales_by_state[fiscal_year],2023) -> 23 | E4: =SUMIFS(electric_vehicle_sales_by_state[total_vehicles_sold],electric_vehicle_sales_by_state[state], A4,electric_vehicle_sales_by_state[fiscal_year],2023) -> 6534 | F4: =SUMIFS(electric_vehicle_sales_by_state[electric_vehicles_sold],electric_vehicle_sales_by_state[state], A4,electric_vehicle_sales_by_state[fiscal_year],2024) -> 33 | G4: =SUMIFS(electric_vehicle_sales_by_state[total_vehicles_sold],electric_vehicle_sales_by_state[state], A4,electric_vehicle_sales_by_state[fiscal_year],2024) -> 6543 | H4: =IFERROR((B4/C4), 0) -> 0.0042735043 | I4: =IFERROR((D4/E4), 0) -> 0.003520049 | J4: =IFERROR((F4/G4), 0) -> 0.005043558 | K4: =IFERROR((I4-H4),0) -> -0.0007534553 | L4: =IFERROR((J4-I4),0) -> 0.001523509 | M4: =IFERROR((Table8[[#This Row],[PR_2024]]-Table8[[#This Row],[PR_2022]]),0) -> 0.00077005373 | N4: =IFERROR( SUMIFS( electric_vehicle_sales_by_state[electric_vehicles_sold], electric_vehicle_sales_by_state[state], A4, electric_vehicle_sales_by_state[vehicle_category], "2-Wheelers", electric_vehicle_sales_by_state[fiscal_year], 2022 ) / SUMIFS( electric_vehicle_sales_by_state[total_vehicles_sold], electric_vehicle_sales_by_state[state], A4, electric_vehicle_sales_by_state[vehicle_category], "2-Wheelers", electric_vehicle_sales_by_state[fiscal_year], 2022 ), 0) -> 0 | O4: =IFERROR( SUMIFS( electric_vehicle_sales_by_state[electric_vehicles_sold], electric_vehicle_sales_by_state[state], A4, electric_vehicle_sales_by_state[vehicle_category], "4-Wheelers", electric_vehicle_sales_by_state[fiscal_year], 2022 ) / SUMIFS( electric_vehicle_sales_by_state[total_vehicles_sold], electric_vehicle_sales_by_state[state], A4, electric_vehicle_sales_by_state[vehicle_category], "4-Wheelers", electric_vehicle_sales_by_state[fiscal_year], 2022 ), 0) -> 0.018819504 | P4: =IFERROR( SUMIFS( electric_vehicle_sales_by_state[electric_vehicles_sold], electric_vehicle_sales_by_state[state], A4, electric_vehicle_sales_by_state[vehicle_category], "2-Wheelers", electric_vehicle_sales_by_state[fiscal_year], 2023 ) / SUMIFS( electric_vehicle_sales_by_state[total_vehicles_sold], electric_vehicle_sales_by_state[state], A4, electric_vehicle_sales_by_state[vehicle_category], "2-Wheelers", electric_vehicle_sales_by_state[fiscal_year], 2023 ), 0) -> 0.0035729298 | Q4: =IFERROR( SUMIFS( electric_vehicle_sales_by_state[electric_vehicles_sold], electric_vehicle_sales_by_state[state], A4, electric_vehicle_sales_by_state[vehicle_category], "4-Wheelers", electric_vehicle_sales_by_state[fiscal_year], 2023 ) / SUMIFS( electric_vehicle_sales_by_state[total_vehicles_sold], electric_vehicle_sales_by_state[state], A4, electric_vehicle_sales_by_state[vehicle_category], "4-Wheelers", electric_vehicle_sales_by_state[fiscal_year], 2023 ), 0) -> 0.0033783784 | R4: =IFERROR( SUMIFS( electric_vehicle_sales_by_state[electric_vehicles_sold], electric_vehicle_sales_by_state[state], A4, electric_vehicle_sales_by_state[vehicle_category], "2-Wheelers", electric_vehicle_sales_by_state[fiscal_year], 2024 ) / SUMIFS( electric_vehicle_sales_by_state[total_vehicles_sold], electric_vehicle_sales_by_state[state], A4, electric_vehicle_sales_by_state[vehicle_category], "2-Wheelers", electric_vehicle_sales_by_state[fiscal_year], 2024 ), 0) -> 0.003776752 | S4: =IFERROR( SUMIFS( electric_vehicle_sales_by_state[electric_vehicles_sold], electric_vehicle_sales_by_state[state], A4, electric_vehicle_sales_by_state[vehicle_category], "4-Wheelers", electric_vehicle_sales_by_state[fiscal_year], 2024 ) / SUMIFS( electric_vehicle_sales_by_state[total_vehicles_sold], electric_vehicle_sales_by_state[state], A4, electric_vehicle_sales_by_state[vehicle_category], "4-Wheelers", electric_vehicle_sales_by_state[fiscal_year], 2024 ), 0) -> 0.008441193
A5: Arunachal Pradesh | B5: =SUMIFS(electric_vehicle_sales_by_state[electric_vehicles_sold],electric_vehicle_sales_by_state[state], A5,electric_vehicle_sales_by_state[fiscal_year],2022) -> 0 | C5: =SUMIFS(electric_vehicle_sales_by_state[total_vehicles_sold],electric_vehicle_sales_by_state[state], A5,electric_vehicle_sales_by_state[fiscal_year],2022) -> 19929 | D5: =SUMIFS(electric_vehicle_sales_by_state[electric_vehicles_sold],electric_vehicle_sales_by_state[state], A5,electric_vehicle_sales_by_state[fiscal_year],2023) -> 2 | E5: =SUMIFS(electric_vehicle_sales_by_state[total_vehicles_sold],electric_vehicle_sales_by_state[state], A5,electric_vehicle_sales_by_state[fiscal_year],2023) -> 23726 | F5: =SUMIFS(electric_vehicle_sales_by_state[electric_vehicles_sold],electric_vehicle_sales_by_state[state], A5,electric_vehicle_sales_by_state[fiscal_year],2024) -> 31 | G5: =SUMIFS(electric_vehicle_sales_by_state[total_vehicles_sold],electric_vehicle_sales_by_state[state], A5,electric_vehicle_sales_by_state[fiscal_year],2024) -> 27892 | H5: =IFERROR((B5/C5), 0) -> 0 | I5: =IFERROR((D5/E5), 0) -> 8.4295709e-05 | J5: =IFERROR((F5/G5), 0) -> 0.0011114298 | K5: =IFERROR((I5-H5),0) -> 8.4295709e-05 | L5: =IFERROR((J5-I5),0) -> 0.0010271341 | M5: =IFERROR((Table8[[#This Row],[PR_2024]]-Table8[[#This Row],[PR_2022]]),0) -> 0.0011114298 | N5: =IFERROR( SUMIFS( electric_vehicle_sales_by_state[electric_vehicles_sold], electric_vehicle_sales_by_state[state], A5, electric_vehicle_sales_by_state[vehicle_category], "2-Wheelers", electric_vehicle_sales_by_state[fiscal_year], 2022 ) / SUMIFS( electric_vehicle_sales_by_state[total_vehicles_sold], electric_vehicle_sales_by_state[state], A5, electric_vehicle_sales_by_state[vehicle_category], "2-Wheelers", electric_vehicle_sales_by_state[fiscal_year], 2022 ), 0) -> 0 | O5: =IFERROR( SUMIFS( electric_vehicle_sales_by_state[electric_vehicles_sold], electric_vehicle_sales_by_state[state], A5, electric_vehicle_sales_by_state[vehicle_category], "4-Wheelers", electric_vehicle_sales_by_state[fiscal_year], 2022 ) / SUMIFS( electric_vehicle_sales_by_state[total_vehicles_sold], electric_vehicle_sales_by_state[state], A5, electric_vehicle_sales_by_state[vehicle_category], "4-Wheelers", electric_vehicle_sales_by_state[fiscal_year], 2022 ), 0) -> 0 | P5: =IFERROR( SUMIFS( electric_vehicle_sales_by_state[electric_vehicles_sold], electric_vehicle_sales_by_state[state], A5, electric_vehicle_sales_by_state[vehicle_category], "2-Wheelers", electric_vehicle_sales_by_state[fiscal_year], 2023 ) / SUMIFS( electric_vehicle_sales_by_state[total_vehicles_sold], electric_vehicle_sales_by_state[state], A5, electric_vehicle_sales_by_state[vehicle_category], "2-Wheelers", electric_vehicle_sales_by_state[fiscal_year], 2023 ), 0) -> 7.8486775e-05 | Q5: =IFERROR( SUMIFS( electric_vehicle_sales_by_state[electric_vehicles_sold], electric_vehicle_sales_by_state[state], A5, electric_vehicle_sales_by_state[vehicle_category], "4-Wheelers", electric_vehicle_sales_by_state[fiscal_year], 2023 ) / SUMIFS( electric_vehicle_sales_by_state[total_vehicles_sold], electric_vehicle_sales_by_state[state], A5, electric_vehicle_sales_by_state[vehicle_category], "4-Wheelers", electric_vehicle_sales_by_state[fiscal_year], 2023 ), 0) -> 9.1033227e-05 | R5: =IFERROR( SUMIFS( electric_vehicle_sales_by_state[electric_vehicles_sold], electric_vehicle_sales_by_state[state], A5, electric_vehicle_sales_by_state[vehicle_category], "2-Wheelers", electric_vehicle_sales_by_state[fiscal_year], 2024 ) / SUMIFS( electric_vehicle_sales_by_state[total_vehicles_sold], electric_vehicle_sales_by_state[state], A5, electric_vehicle_sales_by_state[vehicle_category], "2-Wheelers", electric_vehicle_sales_by_state[fiscal_year], 2024 ), 0) -> 0.00020445717 | S5: =IFERROR( SUMIFS( electric_vehicle_sales_by_state[electric_vehicles_sold], electric_vehicle_sales_by_state[state], A5, electric_vehicle_sales_by_state[vehicle_category], "4-Wheelers", electric_vehicle_sales_by_state[fiscal_year], 2024 ) / SUMIFS( electric_vehicle_sales_by_state[total_vehicles_sold], electric_vehicle_sales_by_state[state], A5, electric_vehicle_sales_by_state[vehicle_category], "4-Wheelers", electric_vehicle_sales_by_state[fiscal_year], 2024 ), 0) -> 0.0021181632
A6: Assam | B6: =SUMIFS(electric_vehicle_sales_by_state[electric_vehicles_sold],electric_vehicle_sales_by_state[state], A6,electric_vehicle_sales_by_state[fiscal_year],2022) -> 730 | C6: =SUMIFS(electric_vehicle_sales_by_state[total_vehicles_sold],electric_vehicle_sales_by_state[state], A6,electric_vehicle_sales_by_state[fiscal_year],2022) -> 379450 | D6: =SUMIFS(electric_vehicle_sales_by_state[electric_vehicles_sold],electric_vehicle_sales_by_state[state], A6,electric_vehicle_sales_by_state[fiscal_year],2023) -> 2191 | E6: =SUMIFS(electric_vehicle_sales_by_state[total_vehicles_sold],electric_vehicle_sales_by_state[state], A6,electric_vehicle_sales_by_state[fiscal_year],2023) -> 476195 | F6: =SUMIFS(electric_vehicle_sales_by_state[electric_vehicles_sold],electric_vehicle_sales_by_state[state], A6,electric_vehicle_sales_by_state[fiscal_year],2024) -> 3497 | G6: =SUMIFS(electric_vehicle_sales_by_state[total_vehicles_sold],electric_vehicle_sales_by_state[state], A6,electric_vehicle_sales_by_state[fiscal_year],2024) -> 547626 | H6: =IFERROR((B6/C6), 0) -> 0.0019238371 | I6: =IFERROR((D6/E6), 0) -> 0.0046010563 | J6: =IFERROR((F6/G6), 0) -> 0.006385745 | K6: =IFERROR((I6-H6),0) -> 0.0026772192 | L6: =IFERROR((J6-I6),0) -> 0.0017846887 | M6: =IFERROR((Table8[[#This Row],[PR_2024]]-Table8[[#This Row],[PR_2022]]),0) -> 0.0044619079 | N6: =IFERROR( SUMIFS( electric_vehicle_sales_by_state[electric_vehicles_sold], electric_vehicle_sales_by_state[state], A6, electric_vehicle_sales_by_state[vehicle_category], "2-Wheelers", electric_vehicle_sales_by_state[fiscal_year], 2022 ) / SUMIFS( electric_vehicle_sales_by_state[total_vehicles_sold], electric_vehicle_sales_by_state[state], A6, electric_vehicle_sales_by_state[vehicle_category], "2-Wheelers", electric_vehicle_sales_by_state[fiscal_year], 2022 ), 0) -> 0.002311518 | O6: =IFERROR( SUMIFS( electric_vehicle_sales_by_state[electric_vehicles_sold], electric_vehicle_sales_by_state[state], A6, electric_vehicle_sales_by_state[vehicle_category], "4-Wheelers", electric_vehicle_sales_by_state[fiscal_year], 2022 ) / SUMIFS( electric_vehicle_sales_by_state[total_vehicles_sold], electric_vehicle_sales_by_state[state], A6, electric_vehicle_sales_by_state[vehicle_category], "4-Wheelers", electric_vehicle_sales_by_state[fiscal_year], 2022 ), 0) -> 0.00016082106 | P6: =IFERROR( SUMIFS( electric_vehicle_sales_by_state[electric_vehicles_sold], electric_vehicle_sales_by_state[state], A6, electric_vehicle_sales_by_state[vehicle_category], "2-Wheelers", electric_vehicle_sales_by_state[fiscal_year], 2023 ) / SUMIFS( electric_vehicle_sales_by_state[total_vehicles_sold], electric_vehicle_sales_by_state[state], A6, electric_vehicle_sales_by_state[vehicle_category], "2-Wheelers", electric_vehicle_sales_by_state[fiscal_year], 2023 ), 0) -> 0.0053391766 | Q6: =IFERROR( SUMIFS( electric_vehicle_sales_by_state[electric_vehicles_sold], electric_vehicle_sales_by_state[state], A6, electric_vehicle_sales_by_state[vehicle_category], "4-Wheelers", electric_vehicle_sales_by_state[fiscal_year], 2023 ) / SUMIFS( electric_vehicle_sales_by_state[total_vehicles_sold], electric_vehicle_sales_by_state[state], A6, electric_vehicle_sales_by_state[vehicle_category], "4-Wheelers", electric_vehicle_sales_by_state[fiscal_year], 2023 ), 0) -> 0.0013162262 | R6: =IFERROR( SUMIFS( electric_vehicle_sales_by_state[electric_vehicles_sold], electric_vehicle_sales_by_state[state], A6, electric_vehicle_sales_by_state[vehicle_category], "2-Wheelers", electric_vehicle_sales_by_state[fiscal_year], 2024 ) / SUMIFS( electric_vehicle_sales_by_state[total_vehicles_sold], electric_vehicle_sales_by_state[state], A6, electric_vehicle_sales_by_state[vehicle_category], "2-Wheelers", electric_vehicle_sales_by_state[fiscal_year], 2024 ), 0) -> 0.0069363251 | S6: =IFERROR( SUMIFS( electric_vehicle_sales_by_state[electric_vehicles_sold], electric_vehicle_sales_by_state[state], A6, electric_vehicle_sales_by_state[vehicle_category], "4-Wheelers", electric_vehicle_sales_by_state[fiscal_year], 2024 ) / SUMIFS( electric_vehicle_sales_by_state[total_vehicles_sold], electric_vehicle_sales_by_state[state], A6, electric_vehicle_sales_by_state[vehicle_category], "4-Wheelers", electric_vehicle_sales_by_state[fiscal_year], 2024 ), 0) -> 0.0036193619
A7: Chhattisgarh | B7: =SUMIFS(electric_vehicle_sales_by_state[electric_vehicles_sold],electric_vehicle_sales_by_state[state], A7,electric_vehicle_sales_by_state[fiscal_year],2022) -> 4534 | C7: =SUMIFS(electric_vehicle_sales_by_state[total_vehicles_sold],electric_vehicle_sales_by_state[state], A7,electric_vehicle_sales_by_state[fiscal_year],2022) -> 390272 | D7: =SUMIFS(electric_vehicle_sales_by_state[electric_vehicles_sold],electric_vehicle_sales_by_state[state], A7,electric_vehicle_sales_by_state[fiscal_year],2023) -> 20730 | E7: =SUMIFS(electric_vehicle_sales_by_state[total_vehicles_sold],electric_vehicle_sales_by_state[state], A7,electric_vehicle_sales_by_state[fiscal_year],2023) -> 441649 | F7: =SUMIFS(electric_vehicle_sales_by_state[electric_vehicles_sold],electric_vehicle_sales_by_state[state], A7,electric_vehicle_sales_by_state[fiscal_year],2024) -> 28540 | G7: =SUMIFS(electric_vehicle_sales_by_state[total_vehicles_sold],electric_vehicle_sales_by_state[state], A7,electric_vehicle_sales_by_state[fiscal_year],2024) -> 503068 | H7: =IFERROR((B7/C7), 0) -> 0.011617539 | I7: =IFERROR((D7/E7), 0) -> 0.046937727 | J7: =IFERROR((F7/G7), 0) -> 0.056731893 | K7: =IFERROR((I7-H7),0) -> 0.035320188 | L7: =IFERROR((J7-I7),0) -> 0.0097941665 | M7: =IFERROR((Table8[[#This Row],[PR_2024]]-Table8[[#This Row],[PR_2022]]),0) -> 0.045114355 | N7: =IFERROR( SUMIFS( electric_vehicle_sales_by_state[electric_vehicles_sold], electric_vehicle_sales_by_state[state], A7, electric_vehicle_sales_by_state[vehicle_category], "2-Wheelers", electric_vehicle_sales_by_state[fiscal_year], 2022 ) / SUMIFS( electric_vehicle_sales_by_state[total_vehicles_sold], electric_vehicle_sales_by_state[state], A7, electric_vehicle_sales_by_state[vehicle_category], "2-Wheelers", electric_vehicle_sales_by_state[fiscal_year], 2022 ), 0) -> 0.012855275 | O7: =IFERROR( SUMIFS( electric_vehicle_sales_by_state[electric_vehicles_sold], electric_vehicle_sales_by_state[state], A7, electric_vehicle_sales_by_state[vehicle_category], "4-Wheelers", electric_vehicle_sales_by_state[fiscal_year], 2022 ) / SUMIFS( electric_vehicle_sales_by_state[total_vehicles_sold], electric_vehicle_sales_by_state[state], A7, electric_vehicle_sales_by_state[vehicle_category], "4-Wheelers", electric_vehicle_sales_by_state[fiscal_year], 2022 ), 0) -> 0.0025580354 | P7: =IFERROR( SUMIFS( electric_vehicle_sales_by_state[electric_vehicles_sold], electric_vehicle_sales_by_state[state], A7, electric_vehicle_sales_by_state[vehicle_category], "2-Wheelers", electric_vehicle_sales_by_state[fiscal_year], 2023 ) / SUMIFS( electric_vehicle_sales_by_state[total_vehicles_sold], electric_vehicle_sales_by_state[state], A7, electric_vehicle_sales_by_state[vehicle_category], "2-Wheelers", electric_vehicle_sales_by_state[fiscal_year], 2023 ), 0) -> 0.052200125 | Q7: =IFERROR( SUMIFS( electric_vehicle_sales_by_state[electric_vehicles_sold], electric_vehicle_sales_by_state[state], A7, electric_vehicle_sales_by_state[vehicle_category], "4-Wheelers", electric_vehicle_sales_by_state[fiscal_year], 2023 ) / SUMIFS( electric_vehicle_sales_by_state[total_vehicles_sold], electric_vehicle_sales_by_state[state], A7, electric_vehicle_sales_by_state[vehicle_category], "4-Wheelers", electric_vehicle_sales_by_state[fiscal_year], 2023 ), 0) -> 0.0098121466 | R7: =IFERROR( SUMIFS( electric_vehicle_sales_by_state[electric_vehicles_sold], electric_vehicle_sales_by_state[state], A7, electric_vehicle_sales_by_state[vehicle_category], "2-Wheelers", electric_vehicle_sales_by_state[fiscal_year], 2024 ) / SUMIFS( electric_vehicle_sales_by_state[total_vehicles_sold], electric_vehicle_sales_by_state[state], A7, electric_vehicle_sales_by_state[vehicle_category], "2-Wheelers", electric_vehicle_sales_by_state[fiscal_year], 2024 ), 0) -> 0.060482923 | S7: =IFERROR( SUMIFS( electric_vehicle_sales_by_state[electric_vehicles_sold], electric_vehicle_sales_by_state[state], A7, electric_vehicle_sales_by_state[vehicle_category], "4-Wheelers", electric_vehicle_sales_by_state[fiscal_year], 2024 ) / SUMIFS( electric_vehicle_sales_by_state[total_vehicles_sold], electric_vehicle_sales_by_state[state], A7, electric_vehicle_sales_by_state[vehicle_category], "4-Wheelers", electric_vehicle_sales_by_state[fiscal_year], 2024 ), 0) -> 0.024181447
A8: DNH and DD | B8: =SUMIFS(electric_vehicle_sales_by_state[electric_vehicles_sold],electric_vehicle_sales_by_state[state], A8,electric_vehicle_sales_by_state[fiscal_year],2022) -> 35 | C8: =SUMIFS(electric_vehicle_sales_by_state[total_vehicles_sold],electric_vehicle_sales_by_state[state], A8,electric_vehicle_sales_by_state[fiscal_year],2022) -> 12413 | D8: =SUMIFS(electric_vehicle_sales_by_state[electric_vehicles_sold],electric_vehicle_sales_by_state[state], A8,electric_vehicle_sales_by_state[fiscal_year],2023) -> 122 | E8: =SUMIFS(electric_vehicle_sales_by_state[total_vehicles_sold],electric_vehicle_sales_by_state[state], A8,electric_vehicle_sales_by_state[fiscal_year],2023) -> 14584 | F8: =SUMIFS(electric_vehicle_sales_by_state[electric_vehicles_sold],electric_vehicle_sales_by_state[state], A8,electric_vehicle_sales_by_state[fiscal_year],2024) -> 198 | G8: =SUMIFS(electric_vehicle_sales_by_state[total_vehicles_sold],electric_vehicle_sales_by_state[state], A8,electric_vehicle_sales_by_state[fiscal_year],2024) -> 16400 | H8: =IFERROR((B8/C8), 0) -> 0.0028196246 | I8: =IFERROR((D8/E8), 0) -> 0.0083653319 | J8: =IFERROR((F8/G8), 0) -> 0.012073171 | K8: =IFERROR((I8-H8),0) -> 0.0055457073 | L8: =IFERROR((J8-I8),0) -> 0.0037078389 | M8: =IFERROR((Table8[[#This Row],[PR_2024]]-Table8[[#This Row],[PR_2022]]),0) -> 0.0092535461 | N8: =IFERROR( SUMIFS( electric_vehicle_sales_by_state[electric_vehicles_sold], electric_vehicle_sales_by_state[state], A8, electric_vehicle_sales_by_state[vehicle_category], "2-Wheelers", electric_vehicle_sales_by_state[fiscal_year], 2022 ) / SUMIFS( electric_vehicle_sales_by_state[total_vehicles_sold], electric_vehicle_sales_by_state[state], A8, electric_vehicle_sales_by_state[vehicle_category], "2-Wheelers", electric_vehicle_sales_by_state[fiscal_year], 2022 ), 0) -> 0.0034530387 | O8: =IFERROR( SUMIFS( electric_vehicle_sales_by_state[electric_vehicles_sold], electric_vehicle_sales_by_state[state], A8, electric_vehicle_sales_by_state[vehicle_category], "4-Wheelers", electric_vehicle_sales_by_state[fiscal_year], 2022 ) / SUMIFS( electric_vehicle_sales_by_state[total_vehicles_sold], electric_vehicle_sales_by_state[state], A8, electric_vehicle_sales_by_state[vehicle_category], "4-Wheelers", electric_vehicle_sales_by_state[fiscal_year], 2022 ), 0) -> 0.0013422819 | P8: =IFERROR( SUMIFS( electric_vehicle_sales_by_state[electric_vehicles_sold], electric_vehicle_sales_by_state[state], A8, electric_vehicle_sales_by_state[vehicle_category], "2-Wheelers", electric_vehicle_sales_by_state[fiscal_year], 2023 ) / SUMIFS( electric_vehicle_sales_by_state[total_vehicles_sold], electric_vehicle_sales_by_state[state], A8, electric_vehicle_sales_by_state[vehicle_category], "2-Wheelers", electric_vehicle_sales_by_state[fiscal_year], 2023 ), 0) -> 0.010339584 | Q8: =IFERROR( SUMIFS( electric_vehicle_sales_by_state[electric_vehicles_sold], electric_vehicle_sales_by_state[state], A8, electric_vehicle_sales_by_state[vehicle_category], "4-Wheelers", electric_vehicle_sales_by_state[fiscal_year], 2023 ) / SUMIFS( electric_vehicle_sales_by_state[total_vehicles_sold], electric_vehicle_sales_by_state[state], A8, electric_vehicle_sales_by_state[vehicle_category], "4-Wheelers", electric_vehicle_sales_by_state[fiscal_year], 2023 ), 0) -> 0.0042381861 | R8: =IFERROR( SUMIFS( electric_vehicle_sales_by_state[electric_vehicles_sold], electric_vehicle_sales_by_state[state], A8, electric_vehicle_sales_by_state[vehicle_category], "2-Wheelers", electric_vehicle_sales_by_state[fiscal_year], 2024 ) / SUMIFS( electric_vehicle_sales_by_state[total_vehicles_sold], electric_vehicle_sales_by_state[state], A8, electric_vehicle_sales_by_state[vehicle_category], "2-Wheelers", electric_vehicle_sales_by_state[fiscal_year], 2024 ), 0) -> 0.013678509 | S8: =IFERROR( SUMIFS( electric_vehicle_sales_by_state[electric_vehicles_sold], electric_vehicle_sales_by_state[state], A8, electric_vehicle_sales_by_state[vehicle_category], "4-Wheelers", electric_vehicle_sales_by_state[fiscal_year], 2024 ) / SUMIFS( electric_vehicle_sales_by_state[total_vehicles_sold], electric_vehicle_sales_by_state[state], A8, electric_vehicle_sales_by_state[vehicle_category], "4-Wheelers", electric_vehicle_sales_by_state[fiscal_year], 2024 ), 0) -> 0.0088977665
A9: Jammu and Kashmir | B9: =SUMIFS(electric_vehicle_sales_by_state[electric_vehicles_sold],electric_vehicle_sales_by_state[state], A9,electric_vehicle_sales_by_state[fiscal_year],2022) -> 1434 | C9: =SUMIFS(electric_vehicle_sales_by_state[total_vehicles_sold],electric_vehicle_sales_by_state[state], A9,electric_vehicle_sales_by_state[fiscal_year],2022) -> 133943 | D9: =SUMIFS(electric_vehicle_sales_by_state[electric_vehicles_sold],electric_vehicle_sales_by_state[state], A9,electric_vehicle_sales_by_state[fiscal_year],2023) -> 2254 | E9: =SUMIFS(electric_vehicle_sales_by_state[total_vehicles_sold],electric_vehicle_sales_by_state[state], A9,electric_vehicle_sales_by_state[fiscal_year],2023) -> 141251 | F9: =SUMIFS(electric_vehicle_sales_by_state[electric_vehicles_sold],electric_vehicle_sales_by_state[state], A9,electric_vehicle_sales_by_state[fiscal_year],2024) -> 2283 | G9: =SUMIFS(electric_vehicle_sales_by_state[total_vehicles_sold],electric_vehicle_sales_by_state[state], A9,electric_vehicle_sales_by_state[fiscal_year],2024) -> 139359 | H9: =IFERROR((B9/C9), 0) -> 0.010706047 | I9: =IFERROR((D9/E9), 0) -> 0.015957409 | J9: =IFERROR((F9/G9), 0) -> 0.01638215 | K9: =IFERROR((I9-H9),0) -> 0.0052513625 | L9: =IFERROR((J9-I9),0) -> 0.00042474055 | M9: =IFERROR((Table8[[#This Row],[PR_2024]]-Table8[[#This Row],[PR_2022]]),0) -> 0.0056761031 | N9: =IFERROR( SUMIFS( electric_vehicle_sales_by_state[electric_vehicles_sold], electric_vehicle_sales_by_state[state], A9, electric_vehicle_sales_by_state[vehicle_category], "2-Wheelers", electric_vehicle_sales_by_state[fiscal_year], 2022 ) / SUMIFS( electric_vehicle_sales_by_state[total_vehicles_sold], electric_vehicle_sales_by_state[state], A9, electric_vehicle_sales_by_state[vehicle_category], "2-Wheelers", electric_vehicle_sales_by_state[fiscal_year], 2022 ), 0) -> 0.017782794 | O9: =IFERROR( SUMIFS( electric_vehicle_sales_by_state[electric_vehicles_sold], electric_vehicle_sales_by_state[state], A9, electric_vehicle_sales_by_state[vehicle_category], "4-Wheelers", electric_vehicle_sales_by_state[fiscal_year], 2022 ) / SUMIFS( electric_vehicle_sales_by_state[total_vehicles_sold], electric_vehicle_sales_by_state[state], A9, electric_vehicle_sales_by_state[vehicle_category], "4-Wheelers", electric_vehicle_sales_by_state[fiscal_year], 2022 ), 0) -> 0.00029518661 | P9: =IFERROR( SUMIFS( electric_vehicle_sales_by_state[electric_vehicles_sold], electric_vehicle_sales_by_state[state], A9, electric_vehicle_sales_by_state[vehicle_category], "2-Wheelers", electric_vehicle_sales_by_state[fiscal_year], 2023 ) / SUMIFS( electric_vehicle_sales_by_state[total_vehicles_sold], electric_vehicle_sales_by_state[state], A9, electric_vehicle_sales_by_state[vehicle_category], "2-Wheelers", electric_vehicle_sales_by_state[fiscal_year], 2023 ), 0) -> 0.025319092 | Q9: =IFERROR( SUMIFS( electric_vehicle_sales_by_state[electric_vehicles_sold], electric_vehicle_sales_by_state[state], A9, electric_vehicle_sales_by_state[vehicle_category], "4-Wheelers", electric_vehicle_sales_by_state[fiscal_year], 2023 ) / SUMIFS( electric_vehicle_sales_by_state[total_vehicles_sold], electric_vehicle_sales_by_state[state], A9, electric_vehicle_sales_by_state[vehicle_category], "4-Wheelers", electric_vehicle_sales_by_state[fiscal_year], 2023 ), 0) -> 0.0012036328 | R9: =IFERROR( SUMIFS( electric_vehicle_sales_by_state[electric_vehicles_sold], electric_vehicle_sales_by_state[state], A9, electric_vehicle_sales_by_state[vehicle_category], "2-Wheelers", electric_vehicle_sales_by_state[fiscal_year], 2024 ) / SUMIFS( electric_vehicle_sales_by_state[total_vehicles_sold], electric_vehicle_sales_by_state[state], A9, electric_vehicle_sales_by_state[vehicle_category], "2-Wheelers", electric_vehicle_sales_by_state[fiscal_year], 2024 ), 0) -> 0.025112395 | S9: =IFERROR( SUMIFS( electric_vehicle_sales_by_state[electric_vehicles_sold], electric_vehicle_sales_by_state[state], A9, electric_vehicle_sales_by_state[vehicle_category], "4-Wheelers", electric_vehicle_sales_by_state[fiscal_year], 2024 ) / SUMIFS( electric_vehicle_sales_by_state[total_vehicles_sold], electric_vehicle_sales_by_state[state], A9, electric_vehicle_sales_by_state[vehicle_category], "4-Wheelers", electric_vehicle_sales_by_state[fiscal_year], 2024 ), 0) -> 0.0030150024
A10: Ladakh | B10: =SUMIFS(electric_vehicle_sales_by_state[electric_vehicles_sold],electric_vehicle_sales_by_state[state], A10,electric_vehicle_sales_by_state[fiscal_year],2022) -> 12 | C10: =SUMIFS(electric_vehicle_sales_by_state[total_vehicles_sold],electric_vehicle_sales_by_state[state], A10,electric_vehicle_sales_by_state[fiscal_year],2022) -> 2911 | D10: =SUMIFS(electric_vehicle_sales_by_state[electric_vehicles_sold],electric_vehicle_sales_by_state[state], A10,electric_vehicle_sales_by_state[fiscal_year],2023) -> 25 | E10: =SUMIFS(electric_vehicle_sales_by_state[total_vehicles_sold],electric_vehicle_sales_by_state[state], A10,electric_vehicle_sales_by_state[fiscal_year],2023) -> 4379 | F10: =SUMIFS(electric_vehicle_sales_by_state[electric_vehicles_sold],electric_vehicle_sales_by_state[state], A10,electric_vehicle_sales_by_state[fiscal_year],2024) -> 31 | G10: =SUMIFS(electric_vehicle_sales_by_state[total_vehicles_sold],electric_vehicle_sales_by_state[state], A10,electric_vehicle_sales_by_state[fiscal_year],2024) -> 3206 | H10: =IFERROR((B10/C10), 0) -> 0.0041222947 | I10: =IFERROR((D10/E10), 0) -> 0.005709066 | J10: =IFERROR((F10/G10), 0) -> 0.0096693699 | K10: =IFERROR((I10-H10),0) -> 0.0015867713 | L10: =IFERROR((J10-I10),0) -> 0.0039603039 | M10: =IFERROR((Table8[[#This Row],[PR_2024]]-Table8[[#This Row],[PR_2022]]),0) -> 0.0055470752 | N10: =IFERROR( SUMIFS( electric_vehicle_sales_by_state[electric_vehicles_sold], electric_vehicle_sales_by_state[state], A10, electric_vehicle_sales_by_state[vehicle_category], "2-Wheelers", electric_vehicle_sales_by_state[fiscal_year], 2022 ) / SUMIFS( electric_vehicle_sales_by_state[total_vehicles_sold], electric_vehicle_sales_by_state[state], A10, electric_vehicle_sales_by_state[vehicle_category], "2-Wheelers", electric_vehicle_sales_by_state[fiscal_year], 2022 ), 0) -> 0.044776119 | O10: =IFERROR( SUMIFS( electric_vehicle_sales_by_state[electric_vehicles_sold], electric_vehicle_sales_by_state[state], A10, electric_vehicle_sales_by_state[vehicle_category], "4-Wheelers", electric_vehicle_sales_by_state[fiscal_year], 2022 ) / SUMIFS( electric_vehicle_sales_by_state[total_vehicles_sold], electric_vehicle_sales_by_state[state], A10, electric_vehicle_sales_by_state[vehicle_category], "4-Wheelers", electric_vehicle_sales_by_state[fiscal_year], 2022 ), 0) -> 0 | P10: =IFERROR( SUMIFS( electric_vehicle_sales_by_state[electric_vehicles_sold], electric_vehicle_sales_by_state[state], A10, electric_vehicle_sales_by_state[vehicle_category], "2-Wheelers", electric_vehicle_sales_by_state[fiscal_year], 2023 ) / SUMIFS( electric_vehicle_sales_by_state[total_vehicles_sold], electric_vehicle_sales_by_state[state], A10, electric_vehicle_sales_by_state[vehicle_category], "2-Wheelers", electric_vehicle_sales_by_state[fiscal_year], 2023 ), 0) -> 0.0073277968 | Q10: =IFERROR( SUMIFS( electric_vehicle_sales_by_state[electric_vehicles_sold], electric_vehicle_sales_by_state[state], A10, electric_vehicle_sales_by_state[vehicle_category], "4-Wheelers", electric_vehicle_sales_by_state[fiscal_year], 2023 ) / SUMIFS( electric_vehicle_sales_by_state[total_vehicles_sold], electric_vehicle_sales_by_state[state], A10, electric_vehicle_sales_by_state[vehicle_category], "4-Wheelers", electric_vehicle_sales_by_state[fiscal_year], 2023 ), 0) -> 0.0042881647 | R10: =IFERROR( SUMIFS( electric_vehicle_sales_by_state[electric_vehicles_sold], electric_vehicle_sales_by_state[state], A10, electric_vehicle_sales_by_state[vehicle_category], "2-Wheelers", electric_vehicle_sales_by_state[fiscal_year], 2024 ) / SUMIFS( electric_vehicle_sales_by_state[total_vehicles_sold], electric_vehicle_sales_by_state[state], A10, electric_vehicle_sales_by_state[vehicle_category], "2-Wheelers", electric_vehicle_sales_by_state[fiscal_year], 2024 ), 0) -> 0.040629096 | S10: =IFERROR( SUMIFS( electric_vehicle_sales_by_state[electric_vehicles_sold], electric_vehicle_sales_by_state[state], A10, electric_vehicle_sales_by_state[vehicle_category], "4-Wheelers", electric_vehicle_sales_by_state[fiscal_year], 2024 ) / SUMIFS( electric_vehicle_sales_by_state[total_vehicles_sold], electric_vehicle_sales_by_state[state], A10, electric_vehicle_sales_by_state[vehicle_category], "4-Wheelers", electric_vehicle_sales_by_state[fiscal_year], 2024 ), 0) -> 0
A11: Manipur | B11: =SUMIFS(electric_vehicle_sales_by_state[electric_vehicles_sold],electric_vehicle_sales_by_state[state], A11,electric_vehicle_sales_by_state[fiscal_year],2022) -> 25 | C11: =SUMIFS(electric_vehicle_sales_by_state[total_vehicles_sold],electric_vehicle_sales_by_state[state], A11,electric_vehicle_sales_by_state[fiscal_year],2022) -> 36129 | D11: =SUMIFS(electric_vehicle_sales_by_state[electric_vehicles_sold],electric_vehicle_sales_by_state[state], A11,electric_vehicle_sales_by_state[fiscal_year],2023) -> 148 | E11: =SUMIFS(electric_vehicle_sales_by_state[total_vehicles_sold],electric_vehicle_sales_by_state[state], A11,electric_vehicle_sales_by_state[fiscal_year],2023) -> 49962 | F11: =SUMIFS(electric_vehicle_sales_by_state[electric_vehicles_sold],electric_vehicle_sales_by_state[state], A11,electric_vehicle_sales_by_state[fiscal_year],2024) -> 126 | G11: =SUMIFS(electric_vehicle_sales_by_state[total_vehicles_sold],electric_vehicle_sales_by_state[state], A11,electric_vehicle_sales_by_state[fiscal_year],2024) -> 18422 | H11: =IFERROR((B11/C11), 0) -> 0.0006919649 | I11: =IFERROR((D11/E11), 0) -> 0.0029622513 | J11: =IFERROR((F11/G11), 0) -> 0.0068396482 | K11: =IFERROR((I11-H11),0) -> 0.0022702864 | L11: =IFERROR((J11-I11),0) -> 0.0038773969 | M11: =IFERROR((Table8[[#This Row],[PR_2024]]-Table8[[#This Row],[PR_2022]]),0) -> 0.0061476833 | N11: =IFERROR( SUMIFS( electric_vehicle_sales_by_state[electric_vehicles_sold], electric_vehicle_sales_by_state[state], A11, electric_vehicle_sales_by_state[vehicle_category], "2-Wheelers", electric_vehicle_sales_by_state[fiscal_year], 2022 ) / SUMIFS( electric_vehicle_sales_by_state[total_vehicles_sold], electric_vehicle_sales_by_state[state], A11, electric_vehicle_sales_by_state[vehicle_category], "2-Wheelers", electric_vehicle_sales_by_state[fiscal_year], 2022 ), 0) -> 0.00087458457 | O11: =IFERROR( SUMIFS( electric_vehicle_sales_by_state[electric_vehicles_sold], electric_vehicle_sales_by_state[state], A11, electric_vehicle_sales_by_state[vehicle_category], "4-Wheelers", electric_vehicle_sales_by_state[fiscal_year], 2022 ) / SUMIFS( electric_vehicle_sales_by_state[total_vehicles_sold], electric_vehicle_sales_by_state[state], A11, electric_vehicle_sales_by_state[vehicle_category], "4-Wheelers", electric_vehicle_sales_by_state[fiscal_year], 2022 ), 0) -> 0 | P11: =IFERROR( SUMIFS( electric_vehicle_sales_by_state[electric_vehicles_sold], electric_vehicle_sales_by_state[state], A11, electric_vehicle_sales_by_state[vehicle_category], "2-Wheelers", electric_vehicle_sales_by_state[fiscal_year], 2023 ) / SUMIFS( electric_vehicle_sales_by_state[total_vehicles_sold], electric_vehicle_sales_by_state[state], A11, electric_vehicle_sales_by_state[vehicle_category], "2-Wheelers", electric_vehicle_sales_by_state[fiscal_year], 2023 ), 0) -> 0.0035059399 | Q11: =IFERROR( SUMIFS( electric_vehicle_sales_by_state[electric_vehicles_sold], electric_vehicle_sales_by_state[state], A11, electric_vehicle_sales_by_state[vehicle_category], "4-Wheelers", electric_vehicle_sales_by_state[fiscal_year], 2023 ) / SUMIFS( electric_vehicle_sales_by_state[total_vehicles_sold], electric_vehicle_sales_by_state[state], A11, electric_vehicle_sales_by_state[vehicle_category], "4-Wheelers", electric_vehicle_sales_by_state[fiscal_year], 2023 ), 0) -> 0.00087251575 | R11: =IFERROR( SUMIFS( electric_vehicle_sales_by_state[electric_vehicles_sold], electric_vehicle_sales_by_state[state], A11, electric_vehicle_sales_by_state[vehicle_category], "2-Wheelers", electric_vehicle_sales_by_state[fiscal_year], 2024 ) / SUMIFS( electric_vehicle_sales_by_state[total_vehicles_sold], electric_vehicle_sales_by_state[state], A11, electric_vehicle_sales_by_state[vehicle_category], "2-Wheelers", electric_vehicle_sales_by_state[fiscal_year], 2024 ), 0) -> 0.0062059238 | S11: =IFERROR( SUMIFS( electric_vehicle_sales_by_state[electric_vehicles_sold], electric_vehicle_sales_by_state[state], A11, electric_vehicle_sales_by_state[vehicle_category], "4-Wheelers", electric_vehicle_sales_by_state[fiscal_year], 2024 ) / SUMIFS( electric_vehicle_sales_by_state[total_vehicles_sold], electric_vehicle_sales_by_state[state], A11, electric_vehicle_sales_by_state[vehicle_category], "4-Wheelers", electric_vehicle_sales_by_state[fiscal_year], 2024 ), 0) -> 0.0089580387
A12: Meghalaya | B12: =SUMIFS(electric_vehicle_sales_by_state[electric_vehicles_sold],electric_vehicle_sales_by_state[state], A12,electric_vehicle_sales_by_state[fiscal_year],2022) -> 4 | C12: =SUMIFS(electric_vehicle_sales_by_state[total_vehicles_sold],electric_vehicle_sales_by_state[state], A12,electric_vehicle_sales_by_state[fiscal_year],2022) -> 22193 | D12: =SUMIFS(electric_vehicle_sales_by_state[electric_vehicles_sold],electric_vehicle_sales_by_state[state], A12,electric_vehicle_sales_by_state[fiscal_year],2023) -> 40 | E12: =SUMIFS(electric_vehicle_sales_by_state[total_vehicles_sold],electric_vehicle_sales_by_state[state], A12,electric_vehicle_sales_by_state[fiscal_year],2023) -> 31362 | F12: =SUMIFS(electric_vehicle_sales_by_state[electric_vehicles_sold],electric_vehicle_sales_by_state[state], A12,electric_vehicle_sales_by_state[fiscal_year],2024) -> 133 | G12: =SUMIFS(electric_vehicle_sales_by_state[total_vehicles_sold],electric_vehicle_sales_by_state[state], A12,electric_vehicle_sales_by_state[fiscal_year],2024) -> 36628 | H12: =IFERROR((B12/C12), 0) -> 0.00018023701 | I12: =IFERROR((D12/E12), 0) -> 0.0012754289 | J12: =IFERROR((F12/G12), 0) -> 0.0036311019 | K12: =IFERROR((I12-H12),0) -> 0.0010951919 | L12: =IFERROR((J12-I12),0) -> 0.002355673 | M12: =IFERROR((Table8[[#This Row],[PR_2024]]-Table8[[#This Row],[PR_2022]]),0) -> 0.0034508649 | N12: =IFERROR( SUMIFS( electric_vehicle_sales_by_state[electric_vehicles_sold], electric_vehicle_sales_by_state[state], A12, electric_vehicle_sales_by_state[vehicle_category], "2-Wheelers", electric_vehicle_sales_by_state[fiscal_year], 2022 ) / SUMIFS( electric_vehicle_sales_by_state[total_vehicles_sold], electric_vehicle_sales_by_state[state], A12, electric_vehicle_sales_by_state[vehicle_category], "2-Wheelers", electric_vehicle_sales_by_state[fiscal_year], 2022 ), 0) -> 0 | O12: =IFERROR( SUMIFS( electric_vehicle_sales_by_state[electric_vehicles_sold], electric_vehicle_sales_by_state[state], A12, electric_vehicle_sales_by_state[vehicle_category], "4-Wheelers", electric_vehicle_sales_by_state[fiscal_year], 2022 ) / SUMIFS( electric_vehicle_sales_by_state[total_vehicles_sold], electric_vehicle_sales_by_state[state], A12, electric_vehicle_sales_by_state[vehicle_category], "4-Wheelers", electric_vehicle_sales_by_state[fiscal_year], 2022 ), 0) -> 0.00043224552 | P12: =IFERROR( SUMIFS( electric_vehicle_sales_by_state[electric_vehicles_sold], electric_vehicle_sales_by_state[state], A12, electric_vehicle_sales_by_state[vehicle_category], "2-Wheelers", electric_vehicle_sales_by_state[fiscal_year], 2023 ) / SUMIFS( electric_vehicle_sales_by_state[total_vehicles_sold], electric_vehicle_sales_by_state[state], A12, electric_vehicle_sales_by_state[vehicle_category], "2-Wheelers", electric_vehicle_sales_by_state[fiscal_year], 2023 ), 0) -> 0.0016105743 | Q12: =IFERROR( SUMIFS( electric_vehicle_sales_by_state[electric_vehicles_sold], electric_vehicle_sales_by_state[state], A12, electric_vehicle_sales_by_state[vehicle_category], "4-Wheelers", electric_vehicle_sales_by_state[fiscal_year], 2023 ) / SUMIFS( electric_vehicle_sales_by_state[total_vehicles_sold], electric_vehicle_sales_by_state[state], A12, electric_vehicle_sales_by_state[vehicle_category], "4-Wheelers", electric_vehicle_sales_by_state[fiscal_year], 2023 ), 0) -> 0.00082359988 | R12: =IFERROR( SUMIFS( electric_vehicle_sales_by_state[electric_vehicles_sold], electric_vehicle_sales_by_state[state], A12, electric_vehicle_sales_by_state[vehicle_category], "2-Wheelers", electric_vehicle_sales_by_state[fiscal_year], 2024 ) / SUMIFS( electric_vehicle_sales_by_state[total_vehicles_sold], electric_vehicle_sales_by_state[state], A12, electric_vehicle_sales_by_state[vehicle_category], "2-Wheelers", electric_vehicle_sales_by_state[fiscal_year], 2024 ), 0) -> 0.004714883 | S12: =IFERROR( SUMIFS( electric_vehicle_sales_by_state[electric_vehicles_sold], electric_vehicle_sales_by_state[state], A12, electric_vehicle_sales_by_state[vehicle_category], "4-Wheelers", electric_vehicle_sales_by_state[fiscal_year], 2024 ) / SUMIFS( electric_vehicle_sales_by_state[total_vehicles_sold], electric_vehicle_sales_by_state[state], A12, electric_vehicle_sales_by_state[vehicle_category], "4-Wheelers", electric_vehicle_sales_by_state[fiscal_year], 2024 ), 0) -> 0.0019086668
A13: Mizoram | B13: =SUMIFS(electric_vehicle_sales_by_state[electric_vehicles_sold],electric_vehicle_sales_by_state[state], A13,electric_vehicle_sales_by_state[fiscal_year],2022) -> 0 | C13: =SUMIFS(electric_vehicle_sales_by_state[total_vehicles_sold],electric_vehicle_sales_by_state[state], A13,electric_vehicle_sales_by_state[fiscal_year],2022) -> 19439 | D13: =SUMIFS(electric_vehicle_sales_by_state[electric_vehicles_sold],electric_vehicle_sales_by_state[state], A13,electric_vehicle_sales_by_state[fiscal_year],2023) -> 65 | E13: =SUMIFS(electric_vehicle_sales_by_state[total_vehicles_sold],electric_vehicle_sales_by_state[state], A13,electric_vehicle_sales_by_state[fiscal_year],2023) -> 24446 | F13: =SUMIFS(electric_vehicle_sales_by_state[electric_vehicles_sold],electric_vehicle_sales_by_state[state], A13,electric_vehicle_sales_by_state[fiscal_year],2024) -> 275 | G13: =SUMIFS(electric_vehicle_sales_by_state[total_vehicles_sold],electric_vehicle_sales_by_state[state], A13,electric_vehicle_sales_by_state[fiscal_year],2024) -> 27422 | H13: =IFERROR((B13/C13), 0) -> 0 | I13: =IFERROR((D13/E13), 0) -> 0.0026589217 | J13: =IFERROR((F13/G13), 0) -> 0.010028444 | K13: =IFERROR((I13-H13),0) -> 0.0026589217 | L13: =IFERROR((J13-I13),0) -> 0.0073695226 | M13: =IFERROR((Table8[[#This Row],[PR_2024]]-Table8[[#This Row],[PR_2022]]),0) -> 0.010028444 | N13: =IFERROR( SUMIFS( electric_vehicle_sales_by_state[electric_vehicles_sold], electric_vehicle_sales_by_state[state], A13, electric_vehicle_sales_by_state[vehicle_category], "2-Wheelers", electric_vehicle_sales_by_state[fiscal_year], 2022 ) / SUMIFS( electric_vehicle_sales_by_state[total_vehicles_sold], electric_vehicle_sales_by_state[state], A13, electric_vehicle_sales_by_state[vehicle_category], "2-Wheelers", electric_vehicle_sales_by_state[fiscal_year], 2022 ), 0) -> 0 | O13: =IFERROR( SUMIFS( electric_vehicle_sales_by_state[electric_vehicles_sold], electric_vehicle_sales_by_state[state], A13, electric_vehicle_sales_by_state[vehicle_category], "4-Wheelers", electric_vehicle_sales_by_state[fiscal_year], 2022 ) / SUMIFS( electric_vehicle_sales_by_state[total_vehicles_sold], electric_vehicle_sales_by_state[state], A13, electric_vehicle_sales_by_state[vehicle_category], "4-Wheelers", electric_vehicle_sales_by_state[fiscal_year], 2022 ), 0) -> 0 | P13: =IFERROR( SUMIFS( electric_vehicle_sales_by_state[electric_vehicles_sold], electric_vehicle_sales_by_state[state], A13, electric_vehicle_sales_by_state[vehicle_category], "2-Wheelers", electric_vehicle_sales_by_state[fiscal_year], 2023 ) / SUMIFS( electric_vehicle_sales_by_state[total_vehicles_sold], electric_vehicle_sales_by_state[state], A13, electric_vehicle_sales_by_state[vehicle_category], "2-Wheelers", electric_vehicle_sales_by_state[fiscal_year], 2023 ), 0) -> 0.0032801776 | Q13: =IFERROR( SUMIFS( electric_vehicle_sales_by_state[electric_vehicles_sold], electric_vehicle_sales_by_state[state], A13, electric_vehicle_sales_by_state[vehicle_category], "4-Wheelers", electric_vehicle_sales_by_state[fiscal_year], 2023 ) / SUMIFS( electric_vehicle_sales_by_state[total_vehicles_sold], electric_vehicle_sales_by_state[state], A13, electric_vehicle_sales_by_state[vehicle_category], "4-Wheelers", electric_vehicle_sales_by_state[fiscal_year], 2023 ), 0) -> 0 | R13: =IFERROR( SUMIFS( electric_vehicle_sales_by_state[electric_vehicles_sold], electric_vehicle_sales_by_state[state], A13, electric_vehicle_sales_by_state[vehicle_category], "2-Wheelers", electric_vehicle_sales_by_state[fiscal_year], 2024 ) / SUMIFS( electric_vehicle_sales_by_state[total_vehicles_sold], electric_vehicle_sales_by_state[state], A13, electric_vehicle_sales_by_state[vehicle_category], "2-Wheelers", electric_vehicle_sales_by_state[fiscal_year], 2024 ), 0) -> 0.012434763 | S13: =IFERROR( SUMIFS( electric_vehicle_sales_by_state[electric_vehicles_sold], electric_vehicle_sales_by_state[state], A13, electric_vehicle_sales_by_state[vehicle_category], "4-Wheelers", electric_vehicle_sales_by_state[fiscal_year], 2024 ) / SUMIFS( electric_vehicle_sales_by_state[total_vehicles_sold], electric_vehicle_sales_by_state[state], A13, electric_vehicle_sales_by_state[vehicle_category], "4-Wheelers", electric_vehicle_sales_by_state[fiscal_year], 2024 ), 0) -> 0.00018563208
A14: Nagaland | B14: =SUMIFS(electric_vehicle_sales_by_state[electric_vehicles_sold],electric_vehicle_sales_by_state[state], A14,electric_vehicle_sales_by_state[fiscal_year],2022) -> 1 | C14: =SUMIFS(electric_vehicle_sales_by_state[total_vehicles_sold],electric_vehicle_sales_by_state[state], A14,electric_vehicle_sales_by_state[fiscal_year],2022) -> 12852 | D14: =SUMIFS(electric_vehicle_sales_by_state[electric_vehicles_sold],electric_vehicle_sales_by_state[state], A14,electric_vehicle_sales_by_state[fiscal_year],2023) -> 3 | E14: =SUMIFS(electric_vehicle_sales_by_state[total_vehicles_sold],electric_vehicle_sales_by_state[state], A14,electric_vehicle_sales_by_state[fiscal_year],2023) -> 14268 | F14: =SUMIFS(electric_vehicle_sales_by_state[electric_vehicles_sold],electric_vehicle_sales_by_state[state], A14,electric_vehicle_sales_by_state[fiscal_year],2024) -> 9 | G14: =SUMIFS(electric_vehicle_sales_by_state[total_vehicles_sold],electric_vehicle_sales_by_state[state], A14,electric_vehicle_sales_by_state[fiscal_year],2024) -> 16972 | H14: =IFERROR((B14/C14), 0) -> 7.7808901e-05 | I14: =IFERROR((D14/E14), 0) -> 0.00021026072 | J14: =IFERROR((F14/G14), 0) -> 0.00053028518 | K14: =IFERROR((I14-H14),0) -> 0.00013245182 | L14: =IFERROR((J14-I14),0) -> 0.00032002445 | M14: =IFERROR((Table8[[#This Row],[PR_2024]]-Table8[[#This Row],[PR_2022]]),0) -> 0.00045247627 | N14: =IFERROR( SUMIFS( electric_vehicle_sales_by_state[electric_vehicles_sold], electric_vehicle_sales_by_state[state], A14, electric_vehicle_sales_by_state[vehicle_category], "2-Wheelers", electric_vehicle_sales_by_state[fiscal_year], 2022 ) / SUMIFS( electric_vehicle_sales_by_state[total_vehicles_sold], electric_vehicle_sales_by_state[state], A14, electric_vehicle_sales_by_state[vehicle_category], "2-Wheelers", electric_vehicle_sales_by_state[fiscal_year], 2022 ), 0) -> 0.00018129079 | O14: =IFERROR( SUMIFS( electric_vehicle_sales_by_state[electric_vehicles_sold], electric_vehicle_sales_by_state[state], A14, electric_vehicle_sales_by_state[vehicle_category], "4-Wheelers", electric_vehicle_sales_by_state[fiscal_year], 2022 ) / SUMIFS( electric_vehicle_sales_by_state[total_vehicles_sold], electric_vehicle_sales_by_state[state], A14, electric_vehicle_sales_by_state[vehicle_category], "4-Wheelers", electric_vehicle_sales_by_state[fiscal_year], 2022 ), 0) -> 0 | P14: =IFERROR( SUMIFS( electric_vehicle_sales_by_state[electric_vehicles_sold], electric_vehicle_sales_by_state[state], A14, electric_vehicle_sales_by_state[vehicle_category], "2-Wheelers", electric_vehicle_sales_by_state[fiscal_year], 2023 ) / SUMIFS( electric_vehicle_sales_by_state[total_vehicles_sold], electric_vehicle_sales_by_state[state], A14, electric_vehicle_sales_by_state[vehicle_category], "2-Wheelers", electric_vehicle_sales_by_state[fiscal_year], 2023 ), 0) -> 0.00050933786 | Q14: =IFERROR( SUMIFS( electric_vehicle_sales_by_state[electric_vehicles_sold], electric_vehicle_sales_by_state[state], A14, electric_vehicle_sales_by_state[vehicle_category], "4-Wheelers", electric_vehicle_sales_by_state[fiscal_year], 2023 ) / SUMIFS( electric_vehicle_sales_by_state[total_vehicles_sold], electric_vehicle_sales_by_state[state], A14, electric_vehicle_sales_by_state[vehicle_category], "4-Wheelers", electric_vehicle_sales_by_state[fiscal_year], 2023 ), 0) -> 0 | R14: =IFERROR( SUMIFS( electric_vehicle_sales_by_state[electric_vehicles_sold], electric_vehicle_sales_by_state[state], A14, electric_vehicle_sales_by_state[vehicle_category], "2-Wheelers", electric_vehicle_sales_by_state[fiscal_year], 2024 ) / SUMIFS( electric_vehicle_sales_by_state[total_vehicles_sold], electric_vehicle_sales_by_state[state], A14, electric_vehicle_sales_by_state[vehicle_category], "2-Wheelers", electric_vehicle_sales_by_state[fiscal_year], 2024 ), 0) -> 0.00066524747 | S14: =IFERROR( SUMIFS( electric_vehicle_sales_by_state[electric_vehicles_sold], electric_vehicle_sales_by_state[state], A14, electric_vehicle_sales_by_state[vehicle_category], "4-Wheelers", electric_vehicle_sales_by_state[fiscal_year], 2024 ) / SUMIFS( electric_vehicle_sales_by_state[total_vehicles_sold], electric_vehicle_sales_by_state[state], A14, electric_vehicle_sales_by_state[vehicle_category], "4-Wheelers", electric_vehicle_sales_by_state[fiscal_year], 2024 ), 0) -> 0.00042301184
... A37: Andaman & Nicobar | B37: =SUMIFS(electric_vehicle_sales_by_state[electric_vehicles_sold],electric_vehicle_sales_by_state[state], A37,electric_vehicle_sales_by_state[fiscal_year],2022) -> 0 | C37: =SUMIFS(electric_vehicle_sales_by_state[total_vehicles_sold],electric_vehicle_sales_by_state[state], A37,electric_vehicle_sales_by_state[fiscal_year],2022) -> 0 | D37: =SUMIFS(electric_vehicle_sales_by_state[electric_vehicles_sold],electric_vehicle_sales_by_state[state], A37,electric_vehicle_sales_by_state[fiscal_year],2023) -> 0 | E37: =SUMIFS(electric_vehicle_sales_by_state[total_vehicles_sold],electric_vehicle_sales_by_state[state], A37,electric_vehicle_sales_by_state[fiscal_year],2023) -> 0 | F37: =SUMIFS(electric_vehicle_sales_by_state[electric_vehicles_sold],electric_vehicle_sales_by_state[state], A37,electric_vehicle_sales_by_state[fiscal_year],2024) -> 2 | G37: =SUMIFS(electric_vehicle_sales_by_state[total_vehicles_sold],electric_vehicle_sales_by_state[state], A37,electric_vehicle_sales_by_state[fiscal_year],2024) -> 660 | H37: =IFERROR((B37/C37), 0) -> 0 | I37: =IFERROR((D37/E37), 0) -> 0 | J37: =IFERROR((F37/G37), 0) -> 0.003030303 | K37: =IFERROR((I37-H37),0) -> 0 | L37: =IFERROR((J37-I37),0) -> 0.003030303 | M37: =IFERROR((Table8[[#This Row],[PR_2024]]-Table8[[#This Row],[PR_2022]]),0) -> 0.003030303 | N37: =IFERROR( SUMIFS( electric_vehicle_sales_by_state[electric_vehicles_sold], electric_vehicle_sales_by_state[state], A37, electric_vehicle_sales_by_state[vehicle_category], "2-Wheelers", electric_vehicle_sales_by_state[fiscal_year], 2022 ) / SUMIFS( electric_vehicle_sales_by_state[total_vehicles_sold], electric_vehicle_sales_by_state[state], A37, electric_vehicle_sales_by_state[vehicle_category], "2-Wheelers", electric_vehicle_sales_by_state[fiscal_year], 2022 ), 0) -> 0 | O37: =IFERROR( SUMIFS( electric_vehicle_sales_by_state[electric_vehicles_sold], electric_vehicle_sales_by_state[state], A37, electric_vehicle_sales_by_state[vehicle_category], "4-Wheelers", electric_vehicle_sales_by_state[fiscal_year], 2022 ) / SUMIFS( electric_vehicle_sales_by_state[total_vehicles_sold], electric_vehicle_sales_by_state[state], A37, electric_vehicle_sales_by_state[vehicle_category], "4-Wheelers", electric_vehicle_sales_by_state[fiscal_year], 2022 ), 0) -> 0 | P37: =IFERROR( SUMIFS( electric_vehicle_sales_by_state[electric_vehicles_sold], electric_vehicle_sales_by_state[state], A37, electric_vehicle_sales_by_state[vehicle_category], "2-Wheelers", electric_vehicle_sales_by_state[fiscal_year], 2023 ) / SUMIFS( electric_vehicle_sales_by_state[total_vehicles_sold], electric_vehicle_sales_by_state[state], A37, electric_vehicle_sales_by_state[vehicle_category], "2-Wheelers", electric_vehicle_sales_by_state[fiscal_year], 2023 ), 0) -> 0 | Q37: =IFERROR( SUMIFS( electric_vehicle_sales_by_state[electric_vehicles_sold], electric_vehicle_sales_by_state[state], A37, electric_vehicle_sales_by_state[vehicle_category], "4-Wheelers", electric_vehicle_sales_by_state[fiscal_year], 2023 ) / SUMIFS( electric_vehicle_sales_by_state[total_vehicles_sold], electric_vehicle_sales_by_state[state], A37, electric_vehicle_sales_by_state[vehicle_category], "4-Wheelers", electric_vehicle_sales_by_state[fiscal_year], 2023 ), 0) -> 0 | R37: =IFERROR( SUMIFS( electric_vehicle_sales_by_state[electric_vehicles_sold], electric_vehicle_sales_by_state[state], A37, electric_vehicle_sales_by_state[vehicle_category], "2-Wheelers", electric_vehicle_sales_by_state[fiscal_year], 2024 ) / SUMIFS( electric_vehicle_sales_by_state[total_vehicles_sold], electric_vehicle_sales_by_state[state], A37, electric_vehicle_sales_by_state[vehicle_category], "2-Wheelers", electric_vehicle_sales_by_state[fiscal_year], 2024 ), 0) -> 0.0041407867 | S37: =IFERROR( SUMIFS( electric_vehicle_sales_by_state[electric_vehicles_sold], electric_vehicle_sales_by_state[state], A37, electric_vehicle_sales_by_state[vehicle_category], "4-Wheelers", electric_vehicle_sales_by_state[fiscal_year], 2024 ) / SUMIFS( electric_vehicle_sales_by_state[total_vehicles_sold], electric_vehicle_sales_by_state[state], A37, electric_vehicle_sales_by_state[vehicle_category], "4-Wheelers", electric_vehicle_sales_by_state[fiscal_year], 2024 ), 0) -> 0

Sheet CAGR
A1: Makers | B1: Sales_2022 | C1: Sales_2023 | D1: Sales_2024 | E1: CAGR
A2: {=_xlfn.UNIQUE(electric_vehicle_sales_by_makers[maker])} -> AMPERE | B2: =SUMIFS( electric_vehicle_sales_by_makers[electric_vehicles_sold], electric_vehicle_sales_by_makers[maker], A2, electric_vehicle_sales_by_makers[vehicle_category], "4-Wheelers", electric_vehicle_sales_by_makers[fiscal_year], 2022 ) -> 0 | C2: =SUMIFS( electric_vehicle_sales_by_makers[electric_vehicles_sold], electric_vehicle_sales_by_makers[maker], A2, electric_vehicle_sales_by_makers[vehicle_category], "4-Wheelers", electric_vehicle_sales_by_makers[fiscal_year], 2023 ) -> 0 | D2: =SUMIFS( electric_vehicle_sales_by_makers[electric_vehicles_sold], electric_vehicle_sales_by_makers[maker], A2, electric_vehicle_sales_by_makers[vehicle_category], "4-Wheelers", electric_vehicle_sales_by_makers[fiscal_year], 2024 ) -> 0 | E2: =IFERROR((IF(AND(B2>0,D2>0), ((D2/B2)^(1/2)-1), 0)), 0) -> 0
A3: ATHER | B3: =SUMIFS( electric_vehicle_sales_by_makers[electric_vehicles_sold], electric_vehicle_sales_by_makers[maker], A3, electric_vehicle_sales_by_makers[vehicle_category], "4-Wheelers", electric_vehicle_sales_by_makers[fiscal_year], 2022 ) -> 0 | C3: =SUMIFS( electric_vehicle_sales_by_makers[electric_vehicles_sold], electric_vehicle_sales_by_makers[maker], A3, electric_vehicle_sales_by_makers[vehicle_category], "4-Wheelers", electric_vehicle_sales_by_makers[fiscal_year], 2023 ) -> 0 | D3: =SUMIFS( electric_vehicle_sales_by_makers[electric_vehicles_sold], electric_vehicle_sales_by_makers[maker], A3, electric_vehicle_sales_by_makers[vehicle_category], "4-Wheelers", electric_vehicle_sales_by_makers[fiscal_year], 2024 ) -> 0 | E3: =IFERROR((IF(AND(B3>0,D3>0), ((D3/B3)^(1/2)-1), 0)), 0) -> 0
A4: BAJAJ | B4: =SUMIFS( electric_vehicle_sales_by_makers[electric_vehicles_sold], electric_vehicle_sales_by_makers[maker], A4, electric_vehicle_sales_by_makers[vehicle_category], "4-Wheelers", electric_vehicle_sales_by_makers[fiscal_year], 2022 ) -> 0 | C4: =SUMIFS( electric_vehicle_sales_by_makers[electric_vehicles_sold], electric_vehicle_sales_by_makers[maker], A4, electric_vehicle_sales_by_makers[vehicle_category], "4-Wheelers", electric_vehicle_sales_by_makers[fiscal_year], 2023 ) -> 0 | D4: =SUMIFS( electric_vehicle_sales_by_makers[electric_vehicles_sold], electric_vehicle_sales_by_makers[maker], A4, electric_vehicle_sales_by_makers[vehicle_category], "4-Wheelers", electric_vehicle_sales_by_makers[fiscal_year], 2024 ) -> 0 | E4: =IFERROR((IF(AND(B4>0,D4>0), ((D4/B4)^(1/2)-1), 0)), 0) -> 0
A5: BATTRE ELECTRIC | B5: =SUMIFS( electric_vehicle_sales_by_makers[electric_vehicles_sold], electric_vehicle_sales_by_makers[maker], A5, electric_vehicle_sales_by_makers[vehicle_category], "4-Wheelers", electric_vehicle_sales_by_makers[fiscal_year], 2022 ) -> 0 | C5: =SUMIFS( electric_vehicle_sales_by_makers[electric_vehicles_sold], electric_vehicle_sales_by_makers[maker], A5, electric_vehicle_sales_by_makers[vehicle_category], "4-Wheelers", electric_vehicle_sales_by_makers[fiscal_year], 2023 ) -> 0 | D5: =SUMIFS( electric_vehicle_sales_by_makers[electric_vehicles_sold], electric_vehicle_sales_by_makers[maker], A5, electric_vehicle_sales_by_makers[vehicle_category], "4-Wheelers", electric_vehicle_sales_by_makers[fiscal_year], 2024 ) -> 0 | E5: =IFERROR((IF(AND(B5>0,D5>0), ((D5/B5)^(1/2)-1), 0)), 0) -> 0
A6: BEING | B6: =SUMIFS( electric_vehicle_sales_by_makers[electric_vehicles_sold], electric_vehicle_sales_by_makers[maker], A6, electric_vehicle_sales_by_makers[vehicle_category], "4-Wheelers", electric_vehicle_sales_by_makers[fiscal_year], 2022 ) -> 0 | C6: =SUMIFS( electric_vehicle_sales_by_makers[electric_vehicles_sold], electric_vehicle_sales_by_makers[maker], A6, electric_vehicle_sales_by_makers[vehicle_category], "4-Wheelers", electric_vehicle_sales_by_makers[fiscal_year], 2023 ) -> 0 | D6: =SUMIFS( electric_vehicle_sales_by_makers[electric_vehicles_sold], electric_vehicle_sales_by_makers[maker], A6, electric_vehicle_sales_by_makers[vehicle_category], "4-Wheelers", electric_vehicle_sales_by_makers[fiscal_year], 2024 ) -> 0 | E6: =IFERROR((IF(AND(B6>0,D6>0), ((D6/B6)^(1/2)-1), 0)), 0) -> 0
A7: BGAUSS | B7: =SUMIFS( electric_vehicle_sales_by_makers[electric_vehicles_sold], electric_vehicle_sales_by_makers[maker], A7, electric_vehicle_sales_by_makers[vehicle_category], "4-Wheelers", electric_vehicle_sales_by_makers[fiscal_year], 2022 ) -> 0 | C7: =SUMIFS( electric_vehicle_sales_by_makers[electric_vehicles_sold], electric_vehicle_sales_by_makers[maker], A7, electric_vehicle_sales_by_makers[vehicle_category], "4-Wheelers", electric_vehicle_sales_by_makers[fiscal_year], 2023 ) -> 0 | D7: =SUMIFS( electric_vehicle_sales_by_makers[electric_vehicles_sold], electric_vehicle_sales_by_makers[maker], A7, electric_vehicle_sales_by_makers[vehicle_category], "4-Wheelers", electric_vehicle_sales_by_makers[fiscal_year], 2024 ) -> 0 | E7: =IFERROR((IF(AND(B7>0,D7>0), ((D7/B7)^(1/2)-1), 0)), 0) -> 0
A8: BMW India | B8: =SUMIFS( electric_vehicle_sales_by_makers[electric_vehicles_sold], electric_vehicle_sales_by_makers[maker], A8, electric_vehicle_sales_by_makers[vehicle_category], "4-Wheelers", electric_vehicle_sales_by_makers[fiscal_year], 2022 ) -> 7 | C8: =SUMIFS( electric_vehicle_sales_by_makers[electric_vehicles_sold], electric_vehicle_sales_by_makers[maker], A8, electric_vehicle_sales_by_makers[vehicle_category], "4-Wheelers", electric_vehicle_sales_by_makers[fiscal_year], 2023 ) -> 285 | D8: =SUMIFS( electric_vehicle_sales_by_makers[electric_vehicles_sold], electric_vehicle_sales_by_makers[maker], A8, electric_vehicle_sales_by_makers[vehicle_category], "4-Wheelers", electric_vehicle_sales_by_makers[fiscal_year], 2024 ) -> 1078 | E8: =IFERROR((IF(AND(B8>0,D8>0), (((D8/B8)^(1/2))-1), 0)), 0) -> 11.409674
A9: BYD India | B9: =SUMIFS( electric_vehicle_sales_by_makers[electric_vehicles_sold], electric_vehicle_sales_by_makers[maker], A9, electric_vehicle_sales_by_makers[vehicle_category], "4-Wheelers", electric_vehicle_sales_by_makers[fiscal_year], 2022 ) -> 33 | C9: =SUMIFS( electric_vehicle_sales_by_makers[electric_vehicles_sold], electric_vehicle_sales_by_makers[maker], A9, electric_vehicle_sales_by_makers[vehicle_category], "4-Wheelers", electric_vehicle_sales_by_makers[fiscal_year], 2023 ) -> 920 | D9: =SUMIFS( electric_vehicle_sales_by_makers[electric_vehicles_sold], electric_vehicle_sales_by_makers[maker], A9, electric_vehicle_sales_by_makers[vehicle_category], "4-Wheelers", electric_vehicle_sales_by_makers[fiscal_year], 2024 ) -> 1466 | E9: =IFERROR((IF(AND(B9>0,D9>0), (((D9/B9)^(1/2))-1), 0)), 0) -> 5.6651513
A10: HERO ELECTRIC | B10: =SUMIFS( electric_vehicle_sales_by_makers[electric_vehicles_sold], electric_vehicle_sales_by_makers[maker], A10, electric_vehicle_sales_by_makers[vehicle_category], "4-Wheelers", electric_vehicle_sales_by_makers[fiscal_year], 2022 ) -> 0 | C10: =SUMIFS( electric_vehicle_sales_by_makers[electric_vehicles_sold], electric_vehicle_sales_by_makers[maker], A10, electric_vehicle_sales_by_makers[vehicle_category], "4-Wheelers", electric_vehicle_sales_by_makers[fiscal_year], 2023 ) -> 0 | D10: =SUMIFS( electric_vehicle_sales_by_makers[electric_vehicles_sold], electric_vehicle_sales_by_makers[maker], A10, electric_vehicle_sales_by_makers[vehicle_category], "4-Wheelers", electric_vehicle_sales_by_makers[fiscal_year], 2024 ) -> 0 | E10: =IFERROR((IF(AND(B10>0,D10>0), (((D10/B10)^(1/2))-1), 0)), 0) -> 0
A11: Hyundai Motor | B11: =SUMIFS( electric_vehicle_sales_by_makers[electric_vehicles_sold], electric_vehicle_sales_by_makers[maker], A11, electric_vehicle_sales_by_makers[vehicle_category], "4-Wheelers", electric_vehicle_sales_by_makers[fiscal_year], 2022 ) -> 110 | C11: =SUMIFS( electric_vehicle_sales_by_makers[electric_vehicles_sold], electric_vehicle_sales_by_makers[maker], A11, electric_vehicle_sales_by_makers[vehicle_category], "4-Wheelers", electric_vehicle_sales_by_makers[fiscal_year], 2023 ) -> 576 | D11: =SUMIFS( electric_vehicle_sales_by_makers[electric_vehicles_sold], electric_vehicle_sales_by_makers[maker], A11, electric_vehicle_sales_by_makers[vehicle_category], "4-Wheelers", electric_vehicle_sales_by_makers[fiscal_year], 2024 ) -> 1390 | E11: =IFERROR((IF(AND(B11>0,D11>0), (((D11/B11)^(1/2))-1), 0)), 0) -> 2.5547663
A12: JITENDRA | B12: =SUMIFS( electric_vehicle_sales_by_makers[electric_vehicles_sold], electric_vehicle_sales_by_makers[maker], A12, electric_vehicle_sales_by_makers[vehicle_category], "4-Wheelers", electric_vehicle_sales_by_makers[fiscal_year], 2022 ) -> 0 | C12: =SUMIFS( electric_vehicle_sales_by_makers[electric_vehicles_sold], electric_vehicle_sales_by_makers[maker], A12, electric_vehicle_sales_by_makers[vehicle_category], "4-Wheelers", electric_vehicle_sales_by_makers[fiscal_year], 2023 ) -> 0 | D12: =SUMIFS( electric_vehicle_sales_by_makers[electric_vehicles_sold], electric_vehicle_sales_by_makers[maker], A12, electric_vehicle_sales_by_makers[vehicle_category], "4-Wheelers", electric_vehicle_sales_by_makers[fiscal_year], 2024 ) -> 0 | E12: =IFERROR((IF(AND(B12>0,D12>0), (((D12/B12)^(1/2))-1), 0)), 0) -> 0
A13: KIA Motors | B13: =SUMIFS( electric_vehicle_sales_by_makers[electric_vehicles_sold], electric_vehicle_sales_by_makers[maker], A13, electric_vehicle_sales_by_makers[vehicle_category], "4-Wheelers", electric_vehicle_sales_by_makers[fiscal_year], 2022 ) -> 0 | C13: =SUMIFS( electric_vehicle_sales_by_makers[electric_vehicles_sold], electric_vehicle_sales_by_makers[maker], A13, electric_vehicle_sales_by_makers[vehicle_category], "4-Wheelers", electric_vehicle_sales_by_makers[fiscal_year], 2023 ) -> 229 | D13: =SUMIFS( electric_vehicle_sales_by_makers[electric_vehicles_sold], electric_vehicle_sales_by_makers[maker], A13, electric_vehicle_sales_by_makers[vehicle_category], "4-Wheelers", electric_vehicle_sales_by_makers[fiscal_year], 2024 ) -> 328 | E13: =IFERROR((IF(AND(B13>0,D13>0), (((D13/B13)^(1/2))-1), 0)), 0) -> 0
A14: KINETIC GREEN | B14: =SUMIFS( electric_vehicle_sales_by_makers[electric_vehicles_sold], electric_vehicle_sales_by_makers[maker], A14, electric_vehicle_sales_by_makers[vehicle_category], "4-Wheelers", electric_vehicle_sales_by_makers[fiscal_year], 2022 ) -> 0 | C14: =SUMIFS( electric_vehicle_sales_by_makers[electric_vehicles_sold], electric_vehicle_sales_by_makers[maker], A14, electric_vehicle_sales_by_makers[vehicle_category], "4-Wheelers", electric_vehicle_sales_by_makers[fiscal_year], 2023 ) -> 0 | D14: =SUMIFS( electric_vehicle_sales_by_makers[electric_vehicles_sold], electric_vehicle_sales_by_makers[maker], A14, electric_vehicle_sales_by_makers[vehicle_category], "4-Wheelers", electric_vehicle_sales_by_makers[fiscal_year], 2024 ) -> 0 | E14: =IFERROR((IF(AND(B14>0,D14>0), (((D14/B14)^(1/2))-1), 0)), 0) -> 0
A15: Mahindra & Mahindra | B15: =SUMIFS( electric_vehicle_sales_by_makers[electric_vehicles_sold], electric_vehicle_sales_by_makers[maker], A15, electric_vehicle_sales_by_makers[vehicle_category], "4-Wheelers", electric_vehicle_sales_by_makers[fiscal_year], 2022 ) -> 4042 | C15: =SUMIFS( electric_vehicle_sales_by_makers[electric_vehicles_sold], electric_vehicle_sales_by_makers[maker], A15, electric_vehicle_sales_by_makers[vehicle_category], "4-Wheelers", electric_vehicle_sales_by_makers[fiscal_year], 2023 ) -> 13805 | D15: =SUMIFS( electric_vehicle_sales_by_makers[electric_vehicles_sold], electric_vehicle_sales_by_makers[maker], A15, electric_vehicle_sales_by_makers[vehicle_category], "4-Wheelers", electric_vehicle_sales_by_makers[fiscal_year], 2024 ) -> 23346 | E15: =IFERROR((IF(AND(B15>0,D15>0), (((D15/B15)^(1/2))-1), 0)), 0) -> 1.4033006
A16: Mercedes -Benz AG | B16: =SUMIFS( electric_vehicle_sales_by_makers[electric_vehicles_sold], electric_vehicle_sales_by_makers[maker], A16, electric_vehicle_sales_by_makers[vehicle_category], "4-Wheelers", electric_vehicle_sales_by_makers[fiscal_year], 2022 ) -> 26 | C16: =SUMIFS( electric_vehicle_sales_by_makers[electric_vehicles_sold], electric_vehicle_sales_by_makers[maker], A16, electric_vehicle_sales_by_makers[vehicle_category], "4-Wheelers", electric_vehicle_sales_by_makers[fiscal_year], 2023 ) -> 71 | D16: =SUMIFS( electric_vehicle_sales_by_makers[electric_vehicles_sold], electric_vehicle_sales_by_makers[maker], A16, electric_vehicle_sales_by_makers[vehicle_category], "4-Wheelers", electric_vehicle_sales_by_makers[fiscal_year], 2024 ) -> 291 | E16: =IFERROR((IF(AND(B16>0,D16>0), (((D16/B16)^(1/2))-1), 0)), 0) -> 2.3454907
A17: MG Motor | B17: =SUMIFS( electric_vehicle_sales_by_makers[electric_vehicles_sold], electric_vehicle_sales_by_makers[maker], A17, electric_vehicle_sales_by_makers[vehicle_category], "4-Wheelers", electric_vehicle_sales_by_makers[fiscal_year], 2022 ) -> 1647 | C17: =SUMIFS( electric_vehicle_sales_by_makers[electric_vehicles_sold], electric_vehicle_sales_by_makers[maker], A17, electric_vehicle_sales_by_makers[vehicle_category], "4-Wheelers", electric_vehicle_sales_by_makers[fiscal_year], 2023 ) -> 3277 | D17: =SUMIFS( electric_vehicle_sales_by_makers[electric_vehicles_sold], electric_vehicle_sales_by_makers[maker], A17, electric_vehicle_sales_by_makers[vehicle_category], "4-Wheelers", electric_vehicle_sales_by_makers[fiscal_year], 2024 ) -> 8829 | E17: =IFERROR((IF(AND(B17>0,D17>0), (((D17/B17)^(1/2))-1), 0)), 0) -> 1.315309
A18: OKAYA EV | B18: =SUMIFS( electric_vehicle_sales_by_makers[electric_vehicles_sold], electric_vehicle_sales_by_makers[maker], A18, electric_vehicle_sales_by_makers[vehicle_category], "4-Wheelers", electric_vehicle_sales_by_makers[fiscal_year], 2022 ) -> 0 | C18: =SUMIFS( electric_vehicle_sales_by_makers[electric_vehicles_sold], electric_vehicle_sales_by_makers[maker], A18, electric_vehicle_sales_by_makers[vehicle_category], "4-Wheelers", electric_vehicle_sales_by_makers[fiscal_year], 2023 ) -> 0 | D18: =SUMIFS( electric_vehicle_sales_by_makers[electric_vehicles_sold], electric_vehicle_sales_by_makers[maker], A18, electric_vehicle_sales_by_makers[vehicle_category], "4-Wheelers", electric_vehicle_sales_by_makers[fiscal_year], 2024 ) -> 0 | E18: =IFERROR((IF(AND(B18>0,D18>0), (((D18/B18)^(1/2))-1), 0)), 0) -> 0
A19: OKINAWA | B19: =SUMIFS( electric_vehicle_sales_by_makers[electric_vehicles_sold], electric_vehicle_sales_by_makers[maker], A19, electric_vehicle_sales_by_makers[vehicle_category], "4-Wheelers", electric_vehicle_sales_by_makers[fiscal_year], 2022 ) -> 0 | C19: =SUMIFS( electric_vehicle_sales_by_makers[electric_vehicles_sold], electric_vehicle_sales_by_makers[maker], A19, electric_vehicle_sales_by_makers[vehicle_category], "4-Wheelers", electric_vehicle_sales_by_makers[fiscal_year], 2023 ) -> 0 | D19: =SUMIFS( electric_vehicle_sales_by_makers[electric_vehicles_sold], electric_vehicle_sales_by_makers[maker], A19, electric_vehicle_sales_by_makers[vehicle_category], "4-Wheelers", electric_vehicle_sales_by_makers[fiscal_year], 2024 ) -> 0 | E19: =IFERROR((IF(AND(B19>0,D19>0), (((D19/B19)^(1/2))-1), 0)), 0) -> 0
... A27: Volvo Auto India | B27: =SUMIFS( electric_vehicle_sales_by_makers[electric_vehicles_sold], electric_vehicle_sales_by_makers[maker], A27, electric_vehicle_sales_by_makers[vehicle_category], "4-Wheelers", electric_vehicle_sales_by_makers[fiscal_year], 2022 ) -> 4 | C27: =SUMIFS( electric_vehicle_sales_by_makers[electric_vehicles_sold], electric_vehicle_sales_by_makers[maker], A27, electric_vehicle_sales_by_makers[vehicle_category], "4-Wheelers", electric_vehicle_sales_by_makers[fiscal_year], 2023 ) -> 105 | D27: =SUMIFS( electric_vehicle_sales_by_makers[electric_vehicles_sold], electric_vehicle_sales_by_makers[maker], A27, electric_vehicle_sales_by_makers[vehicle_category], "4-Wheelers", electric_vehicle_sales_by_makers[fiscal_year], 2024 ) -> 459 | E27: =IFERROR((IF(AND(B27>0,D27>0), (((D27/B27)^(1/2))-1), 0)), 0) -> 9.7121426

Sheet CAGR_STATE
A1: CAGR of Total_Sales on State Wise
A2: State | B2: Sales_2022 | C2: Sales_2024 | D2: CAGR
A3: {=_xlfn.UNIQUE(electric_vehicle_sales_by_state[state])} -> Sikkim | B3: =SUMIFS(electric_vehicle_sales_by_state[total_vehicles_sold],electric_vehicle_sales_by_state[state], CAGR_STATE!A3, electric_vehicle_sales_by_state[fiscal_year], 2022) -> 8897 | C3: =SUMIFS(electric_vehicle_sales_by_state[total_vehicles_sold],electric_vehicle_sales_by_state[state], CAGR_STATE!A3, electric_vehicle_sales_by_state[fiscal_year], 2024) -> 10518 | D3: =IFERROR((((C3/B3)^(1/2))-1), 0) -> 0.087288483
A4: Andaman & Nicobar Island | B4: =SUMIFS(electric_vehicle_sales_by_state[total_vehicles_sold],electric_vehicle_sales_by_state[state], CAGR_STATE!A4, electric_vehicle_sales_by_state[fiscal_year], 2022) -> 5148 | C4: =SUMIFS(electric_vehicle_sales_by_state[total_vehicles_sold],electric_vehicle_sales_by_state[state], CAGR_STATE!A4, electric_vehicle_sales_by_state[fiscal_year], 2024) -> 6543 | D4: =IFERROR((((C4/B4)^(1/2))-1), 0) -> 0.12737705
A5: Arunachal Pradesh | B5: =SUMIFS(electric_vehicle_sales_by_state[total_vehicles_sold],electric_vehicle_sales_by_state[state], CAGR_STATE!A5, electric_vehicle_sales_by_state[fiscal_year], 2022) -> 19929 | C5: =SUMIFS(electric_vehicle_sales_by_state[total_vehicles_sold],electric_vehicle_sales_by_state[state], CAGR_STATE!A5, electric_vehicle_sales_by_state[fiscal_year], 2024) -> 27892 | D5: =IFERROR((((C5/B5)^(1/2))-1), 0) -> 0.18303359
A6: Ladakh | B6: =SUMIFS(electric_vehicle_sales_by_state[total_vehicles_sold],electric_vehicle_sales_by_state[state], CAGR_STATE!A6, electric_vehicle_sales_by_state[fiscal_year], 2022) -> 2911 | C6: =SUMIFS(electric_vehicle_sales_by_state[total_vehicles_sold],electric_vehicle_sales_by_state[state], CAGR_STATE!A6, electric_vehicle_sales_by_state[fiscal_year], 2024) -> 3206 | D6: =IFERROR((((C6/B6)^(1/2))-1), 0) -> 0.049447353
A7: Meghalaya | B7: =SUMIFS(electric_vehicle_sales_by_state[total_vehicles_sold],electric_vehicle_sales_by_state[state], CAGR_STATE!A7, electric_vehicle_sales_by_state[fiscal_year], 2022) -> 22193 | C7: =SUMIFS(electric_vehicle_sales_by_state[total_vehicles_sold],electric_vehicle_sales_by_state[state], CAGR_STATE!A7, electric_vehicle_sales_by_state[fiscal_year], 2024) -> 36628 | D7: =IFERROR((((C7/B7)^(1/2))-1), 0) -> 0.28469075
A8: Mizoram | B8: =SUMIFS(electric_vehicle_sales_by_state[total_vehicles_sold],electric_vehicle_sales_by_state[state], CAGR_STATE!A8, electric_vehicle_sales_by_state[fiscal_year], 2022) -> 19439 | C8: =SUMIFS(electric_vehicle_sales_by_state[total_vehicles_sold],electric_vehicle_sales_by_state[state], CAGR_STATE!A8, electric_vehicle_sales_by_state[fiscal_year], 2024) -> 27422 | D8: =IFERROR((((C8/B8)^(1/2))-1), 0) -> 0.18771599
A9: Nagaland | B9: =SUMIFS(electric_vehicle_sales_by_state[total_vehicles_sold],electric_vehicle_sales_by_state[state], CAGR_STATE!A9, electric_vehicle_sales_by_state[fiscal_year], 2022) -> 12852 | C9: =SUMIFS(electric_vehicle_sales_by_state[total_vehicles_sold],electric_vehicle_sales_by_state[state], CAGR_STATE!A9, electric_vehicle_sales_by_state[fiscal_year], 2024) -> 16972 | D9: =IFERROR((((C9/B9)^(1/2))-1), 0) -> 0.14916173
A10: Tripura | B10: =SUMIFS(electric_vehicle_sales_by_state[total_vehicles_sold],electric_vehicle_sales_by_state[state], CAGR_STATE!A10, electric_vehicle_sales_by_state[fiscal_year], 2022) -> 37735 | C10: =SUMIFS(electric_vehicle_sales_by_state[total_vehicles_sold],electric_vehicle_sales_by_state[state], CAGR_STATE!A10, electric_vehicle_sales_by_state[fiscal_year], 2024) -> 46447 | D10: =IFERROR((((C10/B10)^(1/2))-1), 0) -> 0.10944725
A11: Assam | B11: =SUMIFS(electric_vehicle_sales_by_state[total_vehicles_sold],electric_vehicle_sales_by_state[state], CAGR_STATE!A11, electric_vehicle_sales_by_state[fiscal_year], 2022) -> 379450 | C11: =SUMIFS(electric_vehicle_sales_by_state[total_vehicles_sold],electric_vehicle_sales_by_state[state], CAGR_STATE!A11, electric_vehicle_sales_by_state[fiscal_year], 2024) -> 547626 | D11: =IFERROR((((C11/B11)^(1/2))-1), 0) -> 0.20133672
A12: Chandigarh | B12: =SUMIFS(electric_vehicle_sales_by_state[total_vehicles_sold],electric_vehicle_sales_by_state[state], CAGR_STATE!A12, electric_vehicle_sales_by_state[fiscal_year], 2022) -> 36954 | C12: =SUMIFS(electric_vehicle_sales_by_state[total_vehicles_sold],electric_vehicle_sales_by_state[state], CAGR_STATE!A12, electric_vehicle_sales_by_state[fiscal_year], 2024) -> 45147 | D12: =IFERROR((((C12/B12)^(1/2))-1), 0) -> 0.10530904
A13: DNH and DD | B13: =SUMIFS(electric_vehicle_sales_by_state[total_vehicles_sold],electric_vehicle_sales_by_state[state], CAGR_STATE!A13, electric_vehicle_sales_by_state[fiscal_year], 2022) -> 12413 | C13: =SUMIFS(electric_vehicle_sales_by_state[total_vehicles_sold],electric_vehicle_sales_by_state[state], CAGR_STATE!A13, electric_vehicle_sales_by_state[fiscal_year], 2024) -> 16400 | D13: =IFERROR((((C13/B13)^(1/2))-1), 0) -> 0.1494327
A14: Delhi | B14: =SUMIFS(electric_vehicle_sales_by_state[total_vehicles_sold],electric_vehicle_sales_by_state[state], CAGR_STATE!A14, electric_vehicle_sales_by_state[fiscal_year], 2022) -> 401540 | C14: =SUMIFS(electric_vehicle_sales_by_state[total_vehicles_sold],electric_vehicle_sales_by_state[state], CAGR_STATE!A14, electric_vehicle_sales_by_state[fiscal_year], 2024) -> 606348 | D14: =IFERROR((((C14/B14)^(1/2))-1), 0) -> 0.22884347
A15: Manipur | B15: =SUMIFS(electric_vehicle_sales_by_state[total_vehicles_sold],electric_vehicle_sales_by_state[state], CAGR_STATE!A15, electric_vehicle_sales_by_state[fiscal_year], 2022) -> 36129 | C15: =SUMIFS(electric_vehicle_sales_by_state[total_vehicles_sold],electric_vehicle_sales_by_state[state], CAGR_STATE!A15, electric_vehicle_sales_by_state[fiscal_year], 2024) -> 18422 | D15: =IFERROR((((C15/B15)^(1/2))-1), 0) -> -0.28593061
... A37: Andaman & Nicobar | B37: =SUMIFS(electric_vehicle_sales_by_state[total_vehicles_sold],electric_vehicle_sales_by_state[state], CAGR_STATE!A37, electric_vehicle_sales_by_state[fiscal_year], 2022) -> 0 | C37: =SUMIFS(electric_vehicle_sales_by_state[total_vehicles_sold],electric_vehicle_sales_by_state[state], CAGR_STATE!A37, electric_vehicle_sales_by_state[fiscal_year], 2024) -> 660 | D37: =IFERROR((((C37/B37)^(1/2))-1), 0) -> 0

Sheet Metric
A3: Vehicals Category | B3: Market Share | C3: Penetration_Rate | D3: Sales Contribution | E3: CAGR for TV | F3: CAGR for EV
A4: 2-Wheelers | B4: 0.92597542 | C4: 0.040776177 | D4: 0.81996787 | E4: 0.13501137 | F4: 0.92165608
A5: 4-Wheelers | B5: 0.07402458 | C5: 0.014846696 | D5: 0.18003213 | E5: 0.13829958 | F5: 1.162841
B9: 2-Wheelers | C9: 4-Wheelers
A10: Sales contribution | B10: =GETPIVOTDATA("[Measures].[Sales Contribution]",$A$3,"[electric_vehicle_sales_by_state].[vehicle_category]","[electric_vehicle_sales_by_state].[vehicle_category].&[2-Wheelers]") -> 0.81996787 | C10: =GETPIVOTDATA("[Measures].[Sales Contribution]",$A$3,"[electric_vehicle_sales_by_state].[vehicle_category]","[electric_vehicle_sales_by_state].[vehicle_category].&[4-Wheelers]") -> 0.18003213
A11: Market Share | B11: =GETPIVOTDATA("[Measures].[Market Share]",$A$3,"[electric_vehicle_sales_by_state].[vehicle_category]","[electric_vehicle_sales_by_state].[vehicle_category].&[2-Wheelers]") -> 0.92597542 | C11: =GETPIVOTDATA("[Measures].[Market Share]",$A$3,"[electric_vehicle_sales_by_state].[vehicle_category]","[electric_vehicle_sales_by_state].[vehicle_category].&[4-Wheelers]") -> 0.07402458
A12: EV Penetration rate | B12: =GETPIVOTDATA("[Measures].[Penetration_Rate]",$A$3,"[electric_vehicle_sales_by_state].[vehicle_category]","[electric_vehicle_sales_by_state].[vehicle_category].&[2-Wheelers]") -> 0.040776177 | C12: =GETPIVOTDATA("[Measures].[Penetration_Rate]",$A$3,"[electric_vehicle_sales_by_state].[vehicle_category]","[electric_vehicle_sales_by_state].[vehicle_category].&[4-Wheelers]") -> 0.014846696
A13: CAGR in TV Sales | B13: =GETPIVOTDATA("[Measures].[CAGR for TV]",$A$3,"[electric_vehicle_sales_by_state].[vehicle_category]","[electric_vehicle_sales_by_state].[vehicle_category].&[2-Wheelers]") -> 0.13501137 | C13: =GETPIVOTDATA("[Measures].[CAGR for TV]",$A$3,"[electric_vehicle_sales_by_state].[vehicle_category]","[electric_vehicle_sales_by_state].[vehicle_category].&[4-Wheelers]") -> 0.13829958
A14: CAGR in EV Sales | B14: =GETPIVOTDATA("[Measures].[CAGR for EV]",$A$3,"[electric_vehicle_sales_by_state].[vehicle_category]","[electric_vehicle_sales_by_state].[vehicle_category].&[2-Wheelers]") -> 0.92165608 | C14: =GETPIVOTDATA("[Measures].[CAGR for EV]",$A$3,"[electric_vehicle_sales_by_state].[vehicle_category]","[electric_vehicle_sales_by_state].[vehicle_category].&[4-Wheelers]") -> 1.162841

Sheet Revenue_Growth
A1: Total_Sales_Revenue
A2: Fiscal_Year | B2: Vehical_Category | C2: Total_units | D2: Avg_price | E2: Total_revenue
A3: 2022 | B3: 2-Wheelers | C3: =SUMIFS(electric_vehicle_sales_by_state[electric_vehicles_sold],electric_vehicle_sales_by_state[vehicle_category], "2-Wheelers",electric_vehicle_sales_by_state[fiscal_year],2022) -> 252573 | D3: 85000 | E3: =(C3*D3) -> 21468705000
A4: 2022 | B4: 4-Wheelers | C4: =SUMIFS(electric_vehicle_sales_by_state[electric_vehicles_sold],electric_vehicle_sales_by_state[vehicle_category], "4-Wheelers",electric_vehicle_sales_by_state[fiscal_year],2022) -> 18577 | D4: 1500000 | E4: =(C4*D4) -> 27865500000
A5: 2023 | B5: 2-Wheelers | C5: =SUMIFS(electric_vehicle_sales_by_state[electric_vehicles_sold],electric_vehicle_sales_by_state[vehicle_category], "2-Wheelers",electric_vehicle_sales_by_state[fiscal_year],2023) -> 727903 | D5: 85000 | E5: =(C5*D5) -> 61871755000
A6: 2023 | B6: 4-Wheelers | C6: =SUMIFS(electric_vehicle_sales_by_state[electric_vehicles_sold],electric_vehicle_sales_by_state[vehicle_category], "4-Wheelers",electric_vehicle_sales_by_state[fiscal_year],2023) -> 47465 | D6: 1500000 | E6: =(C6*D6) -> 71197500000
A7: 2024 | B7: 2-Wheelers | C7: =SUMIFS(electric_vehicle_sales_by_state[electric_vehicles_sold],electric_vehicle_sales_by_state[vehicle_category], "2-Wheelers",electric_vehicle_sales_by_state[fiscal_year],2024) -> 932692 | D7: 85000 | E7: =(C7*D7) -> 79278820000
A8: 2024 | B8: 4-Wheelers | C8: =SUMIFS(electric_vehicle_sales_by_state[electric_vehicles_sold],electric_vehicle_sales_by_state[vehicle_category], "4-Wheelers",electric_vehicle_sales_by_state[fiscal_year],2024) -> 86901 | D8: 1500000 | E8: =(C8*D8) -> 130351500000
A12: Revenue_Growth_Rate
A13: Vehical_Category | B13: Avg_Price | C13: Total_Revenue_2022 | D13: Total_Revenue_2024 | E13: Growth_Rate_2022-2024 | F13: Total_Revenue_2023 | G13: Growth_Rate_2023-2024
A14: 2-Wheelers | B14: 85000 | C14: =(B14*C3) -> 21468705000 | D14: =(B14*C7) -> 79278820000 | E14: =((D14 - C14)/C14) -> 2.6927621 | F14: =(B14*C5) -> 61871755000 | G14: =((D14-F14)/F14) -> 0.28134106
A15: 4-Wheelers | B15: 1500000 | C15: =(B15*C4) -> 27865500000 | D15: =(B15*C8) -> 130351500000 | E15: =((D15 - C15)/C15) -> 3.6778813 | F15: =(B15*C6) -> 71197500000 | G15: =((D15-F15)/F15) -> 0.83084378
A21: Row Labels | B21: Sum of Total_Revenue_2022 | C21: Sum of Total_Revenue_2024 | D21: Sum of Growth_Rate_2022-2024
A22: 2-Wheelers | B22: 21468705000 | C22: 79278820000 | D22: 2.6927621
A23: 4-Wheelers | B23: 27865500000 | C23: 130351500000 | D23: 3.6778813
A28: Row Labels | B28: Sum of Total_Revenue_2023 | C28: Sum of Total_Revenue_2024 | D28: Sum of Growth_Rate_2023-2024
A29: 2-Wheelers | B29: 61871755000 | C29: 79278820000 | D29: 0.28134106
A30: 4-Wheelers | B30: 71197500000 | C30: 130351500000 | D30: 0.83084378

Sheet DL vs KR
A3: Row Labels | B3: Sum of electric_vehicles_sold | C3: Penetration_Rate
A4: Delhi | B4: 8630 | C4: 0.042907572
A5: Karnataka | B5: 12878 | C5: 0.042611202
A9: States | B9: Sum of electric_vehicles_sold | C9: Penetration_Rate
A10: Delhi | B10: =GETPIVOTDATA("[Measures].[Sum of electric_vehicles_sold]",$A$3,"[electric_vehicle_sales_by_state].[state]","[electric_vehicle_sales_by_state].[state].&[Delhi]") -> 8630 | C10: =GETPIVOTDATA("[Measures].[Penetration_Rate]",$A$3,"[electric_vehicle_sales_by_state].[state]","[electric_vehicle_sales_by_state].[state].&[Delhi]") -> 0.042907572
A11: Karnataka | B11: =GETPIVOTDATA("[Measures].[Sum of electric_vehicles_sold]",$A$3,"[electric_vehicle_sales_by_state].[state]","[electric_vehicle_sales_by_state].[state].&[Karnataka]") -> 12878 | C11: =GETPIVOTDATA("[Measures].[Penetration_Rate]",$A$3,"[electric_vehicle_sales_by_state].[state]","[electric_vehicle_sales_by_state].[state].&[Karnataka]") -> 0.042611202

Sheet Project_Growth
A1: PROJECT SALES ACCORDING TO PR AND CAGR FOR 2030 | AC1: State | AD1: Total Sales | AE1: EV_Sales | AF1: PR% | AG1: Penetration Change 2022-2023 | AH1: Penetration Change 2023-2024 | AI1: Penetration Change 2022-2024 | AJ1: EV Sales Distribution
A2: State | B2: Vehical-category | C2: fiscal_year | D2: electric_vehicles_sold | F2: State | G2: Vehical-category | H2: EV_2022 | I2: EV_2023 | J2: EV_2024 | K2: Total_Vehicals_Sales_2024 | L2: Pentration_Rate | M2: CAGR | N2: Project_Sales_2030 | Q2: Row Labels | R2: Sum of EV_2022 | S2: Sum of EV_2023 | T2: Sum of EV_2024 | AC2: Sikkim | AD2: =SUMIFS(electric_vehicle_sales_by_state[total_vehicles_sold],electric_vehicle_sales_by_state[state],Table4[[#This Row],[State]]) -> 29346 | AE2: =SUMIFS(electric_vehicle_sales_by_state[electric_vehicles_sold],electric_vehicle_sales_by_state[state],Table4[[#This Row],[State]]) -> 0 | AF2: =(Table4[[#This Row],[EV_Sales]]/Table4[[#This Row],[Total Sales]]) -> 0 | AG2: =VLOOKUP(Table4[[#This Row],[State]],PRC!A2:L37,11, FALSE) -> 0 | AH2: =VLOOKUP(Table4[[#This Row],[State]],Table8[#All],12,FALSE) -> 0 | AI2: =VLOOKUP(Table4[[#This Row],[State]],Table8[#All],13,FALSE) -> 0 | AJ2: =(Table4[[#This Row],[EV_Sales]]/(SUM(Table4[EV_Sales]))) -> 0
A3: {=INDEX($F$3:$F$37, INT((ROW()-3)/6)+1)} -> Sikkim | B3: 2-Wheelers | C3: 2022 | D3: =SUMIFS( electric_vehicle_sales_by_state[electric_vehicles_sold], electric_vehicle_sales_by_state[state], Table6[[#This Row],[State]], electric_vehicle_sales_by_state[vehicle_category], Table6[[#This Row],[Vehical-category]], electric_vehicle_sales_by_state[fiscal_year], Table6[[#This Row],[fiscal_year]] ) -> 0 | F3: Sikkim | G3: 2-Wheelers | H3: =SUMIFS( Table6[electric_vehicles_sold], Table6[State],Table7[[#This Row],[State]], Table6[Vehical-category], Table7[[#This Row],[Vehical-category]], Table6[fiscal_year], 2022 ) -> 0 | I3: =SUMIFS( Table6[electric_vehicles_sold], Table6[State],Table7[[#This Row],[State]], Table6[Vehical-category], Table7[[#This Row],[Vehical-category]], Table6[fiscal_year], 2023 ) -> 0 | J3: =SUMIFS( Table6[electric_vehicles_sold], Table6[State],Table7[[#This Row],[State]], Table6[Vehical-category], Table7[[#This Row],[Vehical-category]], Table6[fiscal_year], 2024 ) -> 0 | K3: =SUMIFS(electric_vehicle_sales_by_state[total_vehicles_sold], electric_vehicle_sales_by_state[state],Table7[[#This Row],[State]],electric_vehicle_sales_by_state[vehicle_category],Table7[[#This Row],[Vehical-category]], electric_vehicle_sales_by_state[fiscal_year], 2024) -> 5472 | L3: =(Table7[[#This Row],[EV_2024]]/(SUMIFS(electric_vehicle_sales_by_state[total_vehicles_sold],electric_vehicle_sales_by_state[state],Table7[[#This Row],[State]],electric_vehicle_sales_by_state[vehicle_category],Table7[[#This Row],[Vehical-category]],electric_vehicle_sales_by_state[fiscal_year], 2024))) -> 0 | M3: =IF(AND(Table7[[#This Row],[EV_2022]]>0, Table7[[#This Row],[EV_2024]]>0), ((Table7[[#This Row],[EV_2024]]/Table7[[#This Row],[EV_2022]])^(1/2) - 1), 0 ) -> 0 | N3: =IF(Table7[[#This Row],[EV_2024]]>0, (Table7[[#This Row],[EV_2024]] * ((1 + Table7[[#This Row],[CAGR]])^6)), 0 ) -> 0 | Q3: 2-Wheelers | R3: 252573 | S3: 727903 | T3: 932692 | AC3: Andaman & Nicobar Island | AD3: =SUMIFS(electric_vehicle_sales_by_state[total_vehicles_sold],electric_vehicle_sales_by_state[state],Table4[[#This Row],[State]]) -> 18225 | AE3: =SUMIFS(electric_vehicle_sales_by_state[electric_vehicles_sold],electric_vehicle_sales_by_state[state],Table4[[#This Row],[State]]) -> 78 | AF3: =(Table4[[#This Row],[EV_Sales]]/Table4[[#This Row],[Total Sales]]) -> 0.0042798354 | AG3: =VLOOKUP(Table4[[#This Row],[State]],PRC!A3:L38,11, FALSE) -> -0.0007534553 | AH3: =VLOOKUP(Table4[[#This Row],[State]],Table8[#All],12,FALSE) -> 0.001523509 | AI3: =VLOOKUP(Table4[[#This Row],[State]],Table8[#All],13,FALSE) -> 0.00077005373 | AJ3: =(Table4[[#This Row],[EV_Sales]]/(SUM(Table4[EV_Sales]))) -> 3.7752086e-05
A4: {=INDEX($F$3:$F$37, INT((ROW()-3)/6)+1)} -> Sikkim | B4: 2-Wheelers | C4: 2023 | D4: =SUMIFS( electric_vehicle_sales_by_state[electric_vehicles_sold], electric_vehicle_sales_by_state[state], Table6[[#This Row],[State]], electric_vehicle_sales_by_state[vehicle_category], Table6[[#This Row],[Vehical-category]], electric_vehicle_sales_by_state[fiscal_year], Table6[[#This Row],[fiscal_year]] ) -> 0 | F4: Andaman & Nicobar Island | G4: 2-Wheelers | H4: =SUMIFS( Table6[electric_vehicles_sold], Table6[State],Table7[[#This Row],[State]], Table6[Vehical-category], Table7[[#This Row],[Vehical-category]], Table6[fiscal_year], 2022 ) -> 0 | I4: =SUMIFS( Table6[electric_vehicles_sold], Table6[State],Table7[[#This Row],[State]], Table6[Vehical-category], Table7[[#This Row],[Vehical-category]], Table6[fiscal_year], 2023 ) -> 17 | J4: =SUMIFS( Table6[electric_vehicles_sold], Table6[State],Table7[[#This Row],[State]], Table6[Vehical-category], Table7[[#This Row],[Vehical-category]], Table6[fiscal_year], 2024 ) -> 18 | K4: =SUMIFS(electric_vehicle_sales_by_state[total_vehicles_sold], electric_vehicle_sales_by_state[state],Table7[[#This Row],[State]],electric_vehicle_sales_by_state[vehicle_category],Table7[[#This Row],[Vehical-category]], electric_vehicle_sales_by_state[fiscal_year], 2024) -> 4766 | L4: =(Table7[[#This Row],[EV_2024]]/(SUMIFS(electric_vehicle_sales_by_state[total_vehicles_sold],electric_vehicle_sales_by_state[state],Table7[[#This Row],[State]],electric_vehicle_sales_by_state[vehicle_category],Table7[[#This Row],[Vehical-category]],electric_vehicle_sales_by_state[fiscal_year], 2024))) -> 0.003776752 | M4: =IF(AND(Table7[[#This Row],[EV_2022]]>0, Table7[[#This Row],[EV_2024]]>0), ((Table7[[#This Row],[EV_2024]]/Table7[[#This Row],[EV_2022]])^(1/2) - 1), 0 ) -> 0 | N4: =IF(Table7[[#This Row],[EV_2024]]>0, (Table7[[#This Row],[EV_2024]] * ((1 + Table7[[#This Row],[CAGR]])^6)), 0 ) -> 18 | Q4: 4-Wheelers | R4: 18577 | S4: 47465 | T4: 86901 | AC4: Arunachal Pradesh | AD4: =SUMIFS(electric_vehicle_sales_by_state[total_vehicles_sold],electric_vehicle_sales_by_state[state],Table4[[#This Row],[State]]) -> 71547 | AE4: =SUMIFS(electric_vehicle_sales_by_state[electric_vehicles_sold],electric_vehicle_sales_by_state[state],Table4[[#This Row],[State]]) -> 33 | AF4: =(Table4[[#This Row],[EV_Sales]]/Table4[[#This Row],[Total Sales]]) -> 0.00046123527 | AG4: =VLOOKUP(Table4[[#This Row],[State]],PRC!A4:L39,11, FALSE) -> 8.4295709e-05 | AH4: =VLOOKUP(Table4[[#This Row],[State]],Table8[#All],12,FALSE) -> 0.0010271341 | AI4: =VLOOKUP(Table4[[#This Row],[State]],Table8[#All],13,FALSE) -> 0.0011114298 | AJ4: =(Table4[[#This Row],[EV_Sales]]/(SUM(Table4[EV_Sales]))) -> 1.5972036e-05
A5: {=INDEX($F$3:$F$37, INT((ROW()-3)/6)+1)} -> Sikkim | B5: 2-Wheelers | C5: 2024 | D5: =SUMIFS( electric_vehicle_sales_by_state[electric_vehicles_sold], electric_vehicle_sales_by_state[state], Table6[[#This Row],[State]], electric_vehicle_sales_by_state[vehicle_category], Table6[[#This Row],[Vehical-category]], electric_vehicle_sales_by_state[fiscal_year], Table6[[#This Row],[fiscal_year]] ) -> 0 | F5: Arunachal Pradesh | G5: 2-Wheelers | H5: =SUMIFS( Table6[electric_vehicles_sold], Table6[State],Table7[[#This Row],[State]], Table6[Vehical-category], Table7[[#This Row],[Vehical-category]], Table6[fiscal_year], 2022 ) -> 0 | I5: =SUMIFS( Table6[electric_vehicles_sold], Table6[State],Table7[[#This Row],[State]], Table6[Vehical-category], Table7[[#This Row],[Vehical-category]], Table6[fiscal_year], 2023 ) -> 1 | J5: =SUMIFS( Table6[electric_vehicles_sold], Table6[State],Table7[[#This Row],[State]], Table6[Vehical-category], Table7[[#This Row],[Vehical-category]], Table6[fiscal_year], 2024 ) -> 3 | K5: =SUMIFS(electric_vehicle_sales_by_state[total_vehicles_sold], electric_vehicle_sales_by_state[state],Table7[[#This Row],[State]],electric_vehicle_sales_by_state[vehicle_category],Table7[[#This Row],[Vehical-category]], electric_vehicle_sales_by_state[fiscal_year], 2024) -> 14673 | L5: =(Table7[[#This Row],[EV_2024]]/(SUMIFS(electric_vehicle_sales_by_state[total_vehicles_sold],electric_vehicle_sales_by_state[state],Table7[[#This Row],[State]],electric_vehicle_sales_by_state[vehicle_category],Table7[[#This Row],[Vehical-category]],electric_vehicle_sales_by_state[fiscal_year], 2024))) -> 0.00020445717 | M5: =IF(AND(Table7[[#This Row],[EV_2022]]>0, Table7[[#This Row],[EV_2024]]>0), ((Table7[[#This Row],[EV_2024]]/Table7[[#This Row],[EV_2022]])^(1/2) - 1), 0 ) -> 0 | N5: =IF(Table7[[#This Row],[EV_2024]]>0, (Table7[[#This Row],[EV_2024]] * ((1 + Table7[[#This Row],[CAGR]])^6)), 0 ) -> 3 | Q5: Grand Total | R5: 271150 | S5: 775368 | T5: 1019593 | AC5: Assam | AD5: =SUMIFS(electric_vehicle_sales_by_state[total_vehicles_sold],electric_vehicle_sales_by_state[state],Table4[[#This Row],[State]]) -> 1403271 | AE5: =SUMIFS(electric_vehicle_sales_by_state[electric_vehicles_sold],electric_vehicle_sales_by_state[state],Table4[[#This Row],[State]]) -> 6418 | AF5: =(Table4[[#This Row],[EV_Sales]]/Table4[[#This Row],[Total Sales]]) -> 0.0045735998 | AG5: =VLOOKUP(Table4[[#This Row],[State]],PRC!A5:L40,11, FALSE) -> 0.0026772192 | AH5: =VLOOKUP(Table4[[#This Row],[State]],Table8[#All],12,FALSE) -> 0.0017846887 | AI5: =VLOOKUP(Table4[[#This Row],[State]],Table8[#All],13,FALSE) -> 0.0044619079 | AJ5: =(Table4[[#This Row],[EV_Sales]]/(SUM(Table4[EV_Sales]))) -> 0.0031063191
A6: {=INDEX($F$3:$F$37, INT((ROW()-3)/6)+1)} -> Sikkim | B6: 4-Wheelers | C6: 2022 | D6: =SUMIFS( electric_vehicle_sales_by_state[electric_vehicles_sold], electric_vehicle_sales_by_state[state], Table6[[#This Row],[State]], electric_vehicle_sales_by_state[vehicle_category], Table6[[#This Row],[Vehical-category]], electric_vehicle_sales_by_state[fiscal_year], Table6[[#This Row],[fiscal_year]] ) -> 0 | F6: Assam | G6: 2-Wheelers | H6: =SUMIFS( Table6[electric_vehicles_sold], Table6[State],Table7[[#This Row],[State]], Table6[Vehical-category], Table7[[#This Row],[Vehical-category]], Table6[fiscal_year], 2022 ) -> 719 | I6: =SUMIFS( Table6[electric_vehicles_sold], Table6[State],Table7[[#This Row],[State]], Table6[Vehical-category], Table7[[#This Row],[Vehical-category]], Table6[fiscal_year], 2023 ) -> 2076 | J6: =SUMIFS( Table6[electric_vehicles_sold], Table6[State],Table7[[#This Row],[State]], Table6[Vehical-category], Table7[[#This Row],[Vehical-category]], Table6[fiscal_year], 2024 ) -> 3168 | K6: =SUMIFS(electric_vehicle_sales_by_state[total_vehicles_sold], electric_vehicle_sales_by_state[state],Table7[[#This Row],[State]],electric_vehicle_sales_by_state[vehicle_category],Table7[[#This Row],[Vehical-category]], electric_vehicle_sales_by_state[fiscal_year], 2024) -> 456726 | L6: =(Table7[[#This Row],[EV_2024]]/(SUMIFS(electric_vehicle_sales_by_state[total_vehicles_sold],electric_vehicle_sales_by_state[state],Table7[[#This Row],[State]],electric_vehicle_sales_by_state[vehicle_category],Table7[[#This Row],[Vehical-category]],electric_vehicle_sales_by_state[fiscal_year], 2024))) -> 0.0069363251 | M6: =IF(AND(Table7[[#This Row],[EV_2022]]>0, Table7[[#This Row],[EV_2024]]>0), ((Table7[[#This Row],[EV_2024]]/Table7[[#This Row],[EV_2022]])^(1/2) - 1), 0 ) -> 1.0990759 | N6: =IF(Table7[[#This Row],[EV_2024]]>0, (Table7[[#This Row],[EV_2024]] * ((1 + Table7[[#This Row],[CAGR]])^6)), 0 ) -> 270990.47 | AC6: Chhattisgarh | AD6: =SUMIFS(electric_vehicle_sales_by_state[total_vehicles_sold],electric_vehicle_sales_by_state[state],Table4[[#This Row],[State]]) -> 1334989 | AE6: =SUMIFS(electric_vehicle_sales_by_state[electric_vehicles_sold],electric_vehicle_sales_by_state[state],Table4[[#This Row],[State]]) -> 53804 | AF6: =(Table4[[#This Row],[EV_Sales]]/Table4[[#This Row],[Total Sales]]) -> 0.040302954 | AG6: =VLOOKUP(Table4[[#This Row],[State]],PRC!A6:L41,11, FALSE) -> 0.035320188 | AH6: =VLOOKUP(Table4[[#This Row],[State]],Table8[#All],12,FALSE) -> 0.0097941665 | AI6: =VLOOKUP(Table4[[#This Row],[State]],Table8[#All],13,FALSE) -> 0.045114355 | AJ6: =(Table4[[#This Row],[EV_Sales]]/(SUM(Table4[EV_Sales]))) -> 0.026041195
A7: {=INDEX($F$3:$F$37, INT((ROW()-3)/6)+1)} -> Sikkim | B7: 4-Wheelers | C7: 2023 | D7: =SUMIFS( electric_vehicle_sales_by_state[electric_vehicles_sold], electric_vehicle_sales_by_state[state], Table6[[#This Row],[State]], electric_vehicle_sales_by_state[vehicle_category], Table6[[#This Row],[Vehical-category]], electric_vehicle_sales_by_state[fiscal_year], Table6[[#This Row],[fiscal_year]] ) -> 0 | F7: Chhattisgarh | G7: 2-Wheelers | H7: =SUMIFS( Table6[electric_vehicles_sold], Table6[State],Table7[[#This Row],[State]], Table6[Vehical-category], Table7[[#This Row],[Vehical-category]], Table6[fiscal_year], 2022 ) -> 4414 | I7: =SUMIFS( Table6[electric_vehicles_sold], Table6[State],Table7[[#This Row],[State]], Table6[Vehical-category], Table7[[#This Row],[Vehical-category]], Table6[fiscal_year], 2023 ) -> 20192 | J7: =SUMIFS( Table6[electric_vehicles_sold], Table6[State],Table7[[#This Row],[State]], Table6[Vehical-category], Table7[[#This Row],[Vehical-category]], Table6[fiscal_year], 2024 ) -> 27283 | K7: =SUMIFS(electric_vehicle_sales_by_state[total_vehicles_sold], electric_vehicle_sales_by_state[state],Table7[[#This Row],[State]],electric_vehicle_sales_by_state[vehicle_category],Table7[[#This Row],[Vehical-category]], electric_vehicle_sales_by_state[fiscal_year], 2024) -> 451086 | L7: =(Table7[[#This Row],[EV_2024]]/(SUMIFS(electric_vehicle_sales_by_state[total_vehicles_sold],electric_vehicle_sales_by_state[state],Table7[[#This Row],[State]],electric_vehicle_sales_by_state[vehicle_category],Table7[[#This Row],[Vehical-category]],electric_vehicle_sales_by_state[fiscal_year], 2024))) -> 0.060482923 | M7: =IF(AND(Table7[[#This Row],[EV_2022]]>0, Table7[[#This Row],[EV_2024]]>0), ((Table7[[#This Row],[EV_2024]]/Table7[[#This Row],[EV_2022]])^(1/2) - 1), 0 ) -> 1.4861647 | N7: =IF(Table7[[#This Row],[EV_2024]]>0, (Table7[[#This Row],[EV_2024]] * ((1 + Table7[[#This Row],[CAGR]])^6)), 0 ) -> 6442753.4 | AC7: DNH and DD | AD7: =SUMIFS(electric_vehicle_sales_by_state[total_vehicles_sold],electric_vehicle_sales_by_state[state],Table4[[#This Row],[State]]) -> 43397 | AE7: =SUMIFS(electric_vehicle_sales_by_state[electric_vehicles_sold],electric_vehicle_sales_by_state[state],Table4[[#This Row],[State]]) -> 355 | AF7: =(Table4[[#This Row],[EV_Sales]]/Table4[[#This Row],[Total Sales]]) -> 0.008180289 | AG7: =VLOOKUP(Table4[[#This Row],[State]],PRC!A7:L42,11, FALSE) -> 0.0055457073 | AH7: =VLOOKUP(Table4[[#This Row],[State]],Table8[#All],12,FALSE) -> 0.0037078389 | AI7: =VLOOKUP(Table4[[#This Row],[State]],Table8[#All],13,FALSE) -> 0.0092535461 | AJ7: =(Table4[[#This Row],[EV_Sales]]/(SUM(Table4[EV_Sales]))) -> 0.00017182039
A8: {=INDEX($F$3:$F$37, INT((ROW()-3)/6)+1)} -> Sikkim | B8: 4-Wheelers | C8: 2024 | D8: =SUMIFS( electric_vehicle_sales_by_state[electric_vehicles_sold], electric_vehicle_sales_by_state[state], Table6[[#This Row],[State]], electric_vehicle_sales_by_state[vehicle_category], Table6[[#This Row],[Vehical-category]], electric_vehicle_sales_by_state[fiscal_year], Table6[[#This Row],[fiscal_year]] ) -> 0 | F8: DNH and DD | G8: 2-Wheelers | H8: =SUMIFS( Table6[electric_vehicles_sold], Table6[State],Table7[[#This Row],[State]], Table6[Vehical-category], Table7[[#This Row],[Vehical-category]], Table6[fiscal_year], 2022 ) -> 30 | I8: =SUMIFS( Table6[electric_vehicles_sold], Table6[State],Table7[[#This Row],[State]], Table6[Vehical-category], Table7[[#This Row],[Vehical-category]], Table6[fiscal_year], 2023 ) -> 102 | J8: =SUMIFS( Table6[electric_vehicles_sold], Table6[State],Table7[[#This Row],[State]], Table6[Vehical-category], Table7[[#This Row],[Vehical-category]], Table6[fiscal_year], 2024 ) -> 149 | K8: =SUMIFS(electric_vehicle_sales_by_state[total_vehicles_sold], electric_vehicle_sales_by_state[state],Table7[[#This Row],[State]],electric_vehicle_sales_by_state[vehicle_category],Table7[[#This Row],[Vehical-category]], electric_vehicle_sales_by_state[fiscal_year], 2024) -> 10893 | L8: =(Table7[[#This Row],[EV_2024]]/(SUMIFS(electric_vehicle_sales_by_state[total_vehicles_sold],electric_vehicle_sales_by_state[state],Table7[[#This Row],[State]],electric_vehicle_sales_by_state[vehicle_category],Table7[[#This Row],[Vehical-category]],electric_vehicle_sales_by_state[fiscal_year], 2024))) -> 0.013678509 | M8: =IF(AND(Table7[[#This Row],[EV_2022]]>0, Table7[[#This Row],[EV_2024]]>0), ((Table7[[#This Row],[EV_2024]]/Table7[[#This Row],[EV_2022]])^(1/2) - 1), 0 ) -> 1.228602 | N8: =IF(Table7[[#This Row],[EV_2024]]>0, (Table7[[#This Row],[EV_2024]] * ((1 + Table7[[#This Row],[CAGR]])^6)), 0 ) -> 18254.978 | Q8: Vehical_ category | R8: Total_EV_Sales | AC8: Jammu and Kashmir | AD8: =SUMIFS(electric_vehicle_sales_by_state[total_vehicles_sold],electric_vehicle_sales_by_state[state],Table4[[#This Row],[State]]) -> 414553 | AE8: =SUMIFS(electric_vehicle_sales_by_state[electric_vehicles_sold],electric_vehicle_sales_by_state[state],Table4[[#This Row],[State]]) -> 5971 | AF8: =(Table4[[#This Row],[EV_Sales]]/Table4[[#This Row],[Total Sales]]) -> 0.014403466 | AG8: =VLOOKUP(Table4[[#This Row],[State]],PRC!A8:L43,11, FALSE) -> 0.0052513625 | AH8: =VLOOKUP(Table4[[#This Row],[State]],Table8[#All],12,FALSE) -> 0.00042474055 | AI8: =VLOOKUP(Table4[[#This Row],[State]],Table8[#All],13,FALSE) -> 0.0056761031 | AJ8: =(Table4[[#This Row],[EV_Sales]]/(SUM(Table4[EV_Sales]))) -> 0.0028899706
A9: {=INDEX($F$3:$F$37, INT((ROW()-3)/6)+1)} -> Andaman & Nicobar Island | B9: 2-Wheelers | C9: 2022 | D9: =SUMIFS( electric_vehicle_sales_by_state[electric_vehicles_sold], electric_vehicle_sales_by_state[state], Table6[[#This Row],[State]], electric_vehicle_sales_by_state[vehicle_category], Table6[[#This Row],[Vehical-category]], electric_vehicle_sales_by_state[fiscal_year], Table6[[#This Row],[fiscal_year]] ) -> 0 | F9: Jammu and Kashmir | G9: 2-Wheelers | H9: =SUMIFS( Table6[electric_vehicles_sold], Table6[State],Table7[[#This Row],[State]], Table6[Vehical-category], Table7[[#This Row],[Vehical-category]], Table6[fiscal_year], 2022 ) -> 1418 | I9: =SUMIFS( Table6[electric_vehicles_sold], Table6[State],Table7[[#This Row],[State]], Table6[Vehical-category], Table7[[#This Row],[Vehical-category]], Table6[fiscal_year], 2023 ) -> 2188 | J9: =SUMIFS( Table6[electric_vehicles_sold], Table6[State],Table7[[#This Row],[State]], Table6[Vehical-category], Table7[[#This Row],[Vehical-category]], Table6[fiscal_year], 2024 ) -> 2117 | K9: =SUMIFS(electric_vehicle_sales_by_state[total_vehicles_sold], electric_vehicle_sales_by_state[state],Table7[[#This Row],[State]],electric_vehicle_sales_by_state[vehicle_category],Table7[[#This Row],[Vehical-category]], electric_vehicle_sales_by_state[fiscal_year], 2024) -> 84301 | L9: =(Table7[[#This Row],[EV_2024]]/(SUMIFS(electric_vehicle_sales_by_state[total_vehicles_sold],electric_vehicle_sales_by_state[state],Table7[[#This Row],[State]],electric_vehicle_sales_by_state[vehicle_category],Table7[[#This Row],[Vehical-category]],electric_vehicle_sales_by_state[fiscal_year], 2024))) -> 0.025112395 | M9: =IF(AND(Table7[[#This Row],[EV_2022]]>0, Table7[[#This Row],[EV_2024]]>0), ((Table7[[#This Row],[EV_2024]]/Table7[[#This Row],[EV_2022]])^(1/2) - 1), 0 ) -> 0.22186244 | N9: =IF(Table7[[#This Row],[EV_2024]]>0, (Table7[[#This Row],[EV_2024]] * ((1 + Table7[[#This Row],[CAGR]])^6)), 0 ) -> 7044.5741 | Q9: 2-Wheelers | R9: =SUM(SUMIFS(Table7[EV_2022],Table7[Vehical-category],"2-Wheelers"),SUMIFS(Table7[EV_2023],Table7[Vehical-category],"2-Wheelers"),SUMIFS(Table7[EV_2024],Table7[Vehical-category],"2-Wheelers")) -> 1913168 | AC9: Ladakh | AD9: =SUMIFS(electric_vehicle_sales_by_state[total_vehicles_sold],electric_vehicle_sales_by_state[state],Table4[[#This Row],[State]]) -> 10496 | AE9: =SUMIFS(electric_vehicle_sales_by_state[electric_vehicles_sold],electric_vehicle_sales_by_state[state],Table4[[#This Row],[State]]) -> 68 | AF9: =(Table4[[#This Row],[EV_Sales]]/Table4[[#This Row],[Total Sales]]) -> 0.0064786585 | AG9: =VLOOKUP(Table4[[#This Row],[State]],PRC!A9:L44,11, FALSE) -> 0.0015867713 | AH9: =VLOOKUP(Table4[[#This Row],[State]],Table8[#All],12,FALSE) -> 0.0039603039 | AI9: =VLOOKUP(Table4[[#This Row],[State]],Table8[#All],13,FALSE) -> 0.0055470752 | AJ9: =(Table4[[#This Row],[EV_Sales]]/(SUM(Table4[EV_Sales]))) -> 3.2912075e-05
A10: {=INDEX($F$3:$F$37, INT((ROW()-3)/6)+1)} -> Andaman & Nicobar Island | B10: 2-Wheelers | C10: 2023 | D10: =SUMIFS( electric_vehicle_sales_by_state[electric_vehicles_sold], electric_vehicle_sales_by_state[state], Table6[[#This Row],[State]], electric_vehicle_sales_by_state[vehicle_category], Table6[[#This Row],[Vehical-category]], electric_vehicle_sales_by_state[fiscal_year], Table6[[#This Row],[fiscal_year]] ) -> 17 | F10: Ladakh | G10: 2-Wheelers | H10: =SUMIFS( Table6[electric_vehicles_sold], Table6[State],Table7[[#This Row],[State]], Table6[Vehical-category], Table7[[#This Row],[Vehical-category]], Table6[fiscal_year], 2022 ) -> 12 | I10: =SUMIFS( Table6[electric_vehicles_sold], Table6[State],Table7[[#This Row],[State]], Table6[Vehical-category], Table7[[#This Row],[Vehical-category]], Table6[fiscal_year], 2023 ) -> 15 | J10: =SUMIFS( Table6[electric_vehicles_sold], Table6[State],Table7[[#This Row],[State]], Table6[Vehical-category], Table7[[#This Row],[Vehical-category]], Table6[fiscal_year], 2024 ) -> 31 | K10: =SUMIFS(electric_vehicle_sales_by_state[total_vehicles_sold], electric_vehicle_sales_by_state[state],Table7[[#This Row],[State]],electric_vehicle_sales_by_state[vehicle_category],Table7[[#This Row],[Vehical-category]], electric_vehicle_sales_by_state[fiscal_year], 2024) -> 763 | L10: =(Table7[[#This Row],[EV_2024]]/(SUMIFS(electric_vehicle_sales_by_state[total_vehicles_sold],electric_vehicle_sales_by_state[state],Table7[[#This Row],[State]],electric_vehicle_sales_by_state[vehicle_category],Table7[[#This Row],[Vehical-category]],electric_vehicle_sales_by_state[fiscal_year], 2024))) -> 0.040629096 | M10: =IF(AND(Table7[[#This Row],[EV_2022]]>0, Table7[[#This Row],[EV_2024]]>0), ((Table7[[#This Row],[EV_2024]]/Table7[[#This Row],[EV_2022]])^(1/2) - 1), 0 ) -> 0.60727513 | N10: =IF(Table7[[#This Row],[EV_2024]]>0, (Table7[[#This Row],[EV_2024]] * ((1 + Table7[[#This Row],[CAGR]])^6)), 0 ) -> 534.44502 | Q10: 4-Wheelers | R10: =SUM(SUMIFS(Table7[EV_2022],Table7[Vehical-category],Q10),SUMIFS(Table7[EV_2023],Table7[Vehical-category],Q10),SUMIFS(Table7[EV_2024],Table7[Vehical-category],Q10)) -> 152943 | AC10: Manipur | AD10: =SUMIFS(electric_vehicle_sales_by_state[total_vehicles_sold],electric_vehicle_sales_by_state[state],Table4[[#This Row],[State]]) -> 104513 | AE10: =SUMIFS(electric_vehicle_sales_by_state[electric_vehicles_sold],electric_vehicle_sales_by_state[state],Table4[[#This Row],[State]]) -> 299 | AF10: =(Table4[[#This Row],[EV_Sales]]/Table4[[#This Row],[Total Sales]]) -> 0.0028608881 | AG10: =VLOOKUP(Table4[[#This Row],[State]],PRC!A10:L45,11, FALSE) -> 0.0022702864 | AH10: =VLOOKUP(Table4[[#This Row],[State]],Table8[#All],12,FALSE) -> 0.0038773969 | AI10: =VLOOKUP(Table4[[#This Row],[State]],Table8[#All],13,FALSE) -> 0.0061476833 | AJ10: =(Table4[[#This Row],[EV_Sales]]/(SUM(Table4[EV_Sales]))) -> 0.00014471633
A11: {=INDEX($F$3:$F$37, INT((ROW()-3)/6)+1)} -> Andaman & Nicobar Island | B11: 2-Wheelers | C11: 2024 | D11: =SUMIFS( electric_vehicle_sales_by_state[electric_vehicles_sold], electric_vehicle_sales_by_state[state], Table6[[#This Row],[State]], electric_vehicle_sales_by_state[vehicle_category], Table6[[#This Row],[Vehical-category]], electric_vehicle_sales_by_state[fiscal_year], Table6[[#This Row],[fiscal_year]] ) -> 18 | F11: Manipur | G11: 2-Wheelers | H11: =SUMIFS( Table6[electric_vehicles_sold], Table6[State],Table7[[#This Row],[State]], Table6[Vehical-category], Table7[[#This Row],[Vehical-category]], Table6[fiscal_year], 2022 ) -> 25 | I11: =SUMIFS( Table6[electric_vehicles_sold], Table6[State],Table7[[#This Row],[State]], Table6[Vehical-category], Table7[[#This Row],[Vehical-category]], Table6[fiscal_year], 2023 ) -> 139 | J11: =SUMIFS( Table6[electric_vehicles_sold], Table6[State],Table7[[#This Row],[State]], Table6[Vehical-category], Table7[[#This Row],[Vehical-category]], Table6[fiscal_year], 2024 ) -> 88 | K11: =SUMIFS(electric_vehicle_sales_by_state[total_vehicles_sold], electric_vehicle_sales_by_state[state],Table7[[#This Row],[State]],electric_vehicle_sales_by_state[vehicle_category],Table7[[#This Row],[Vehical-category]], electric_vehicle_sales_by_state[fiscal_year], 2024) -> 14180 | L11: =(Table7[[#This Row],[EV_2024]]/(SUMIFS(electric_vehicle_sales_by_state[total_vehicles_sold],electric_vehicle_sales_by_state[state],Table7[[#This Row],[State]],electric_vehicle_sales_by_state[vehicle_category],Table7[[#This Row],[Vehical-category]],electric_vehicle_sales_by_state[fiscal_year], 2024))) -> 0.0062059238 | M11: =IF(AND(Table7[[#This Row],[EV_2022]]>0, Table7[[#This Row],[EV_2024]]>0), ((Table7[[#This Row],[EV_2024]]/Table7[[#This Row],[EV_2022]])^(1/2) - 1), 0 ) -> 0.8761663 | N11: =IF(Table7[[#This Row],[EV_2024]]>0, (Table7[[#This Row],[EV_2024]] * ((1 + Table7[[#This Row],[CAGR]])^6)), 0 ) -> 3838.0503 | AC11: Meghalaya | AD11: =SUMIFS(electric_vehicle_sales_by_state[total_vehicles_sold],electric_vehicle_sales_by_state[state],Table4[[#This Row],[State]]) -> 90183 | AE11: =SUMIFS(electric_vehicle_sales_by_state[electric_vehicles_sold],electric_vehicle_sales_by_state[state],Table4[[#This Row],[State]]) -> 177 | AF11: =(Table4[[#This Row],[EV_Sales]]/Table4[[#This Row],[Total Sales]]) -> 0.0019626759 | AG11: =VLOOKUP(Table4[[#This Row],[State]],PRC!A11:L46,11, FALSE) -> 0.0010951919 | AH11: =VLOOKUP(Table4[[#This Row],[State]],Table8[#All],12,FALSE) -> 0.002355673 | AI11: =VLOOKUP(Table4[[#This Row],[State]],Table8[#All],13,FALSE) -> 0.0034508649 | AJ11: =(Table4[[#This Row],[EV_Sales]]/(SUM(Table4[EV_Sales]))) -> 8.5668195e-05
A12: {=INDEX($F$3:$F$37, INT((ROW()-3)/6)+1)} -> Andaman & Nicobar Island | B12: 4-Wheelers | C12: 2022 | D12: =SUMIFS( electric_vehicle_sales_by_state[electric_vehicles_sold], electric_vehicle_sales_by_state[state], Table6[[#This Row],[State]], electric_vehicle_sales_by_state[vehicle_category], Table6[[#This Row],[Vehical-category]], electric_vehicle_sales_by_state[fiscal_year], Table6[[#This Row],[fiscal_year]] ) -> 22 | F12: Meghalaya | G12: 2-Wheelers | H12: =SUMIFS( Table6[electric_vehicles_sold], Table6[State],Table7[[#This Row],[State]], Table6[Vehical-category], Table7[[#This Row],[Vehical-category]], Table6[fiscal_year], 2022 ) -> 0 | I12: =SUMIFS( Table6[electric_vehicles_sold], Table6[State],Table7[[#This Row],[State]], Table6[Vehical-category], Table7[[#This Row],[Vehical-category]], Table6[fiscal_year], 2023 ) -> 29 | J12: =SUMIFS( Table6[electric_vehicles_sold], Table6[State],Table7[[#This Row],[State]], Table6[Vehical-category], Table7[[#This Row],[Vehical-category]], Table6[fiscal_year], 2024 ) -> 106 | K12: =SUMIFS(electric_vehicle_sales_by_state[total_vehicles_sold], electric_vehicle_sales_by_state[state],Table7[[#This Row],[State]],electric_vehicle_sales_by_state[vehicle_category],Table7[[#This Row],[Vehical-category]], electric_vehicle_sales_by_state[fiscal_year], 2024) -> 22482 | L12: =(Table7[[#This Row],[EV_2024]]/(SUMIFS(electric_vehicle_sales_by_state[total_vehicles_sold],electric_vehicle_sales_by_state[state],Table7[[#This Row],[State]],electric_vehicle_sales_by_state[vehicle_category],Table7[[#This Row],[Vehical-category]],electric_vehicle_sales_by_state[fiscal_year], 2024))) -> 0.004714883 | M12: =IF(AND(Table7[[#This Row],[EV_2022]]>0, Table7[[#This Row],[EV_2024]]>0), ((Table7[[#This Row],[EV_2024]]/Table7[[#This Row],[EV_2022]])^(1/2) - 1), 0 ) -> 0 | N12: =IF(Table7[[#This Row],[EV_2024]]>0, (Table7[[#This Row],[EV_2024]] * ((1 + Table7[[#This Row],[CAGR]])^6)), 0 ) -> 106 | AC12: Mizoram | AD12: =SUMIFS(electric_vehicle_sales_by_state[total_vehicles_sold],electric_vehicle_sales_by_state[state],Table4[[#This Row],[State]]) -> 71307 | AE12: =SUMIFS(electric_vehicle_sales_by_state[electric_vehicles_sold],electric_vehicle_sales_by_state[state],Table4[[#This Row],[State]]) -> 340 | AF12: =(Table4[[#This Row],[EV_Sales]]/Table4[[#This Row],[Total Sales]]) -> 0.0047681153 | AG12: =VLOOKUP(Table4[[#This Row],[State]],PRC!A12:L47,11, FALSE) -> 0.0026589217 | AH12: =VLOOKUP(Table4[[#This Row],[State]],Table8[#All],12,FALSE) -> 0.0073695226 | AI12: =VLOOKUP(Table4[[#This Row],[State]],Table8[#All],13,FALSE) -> 0.010028444 | AJ12: =(Table4[[#This Row],[EV_Sales]]/(SUM(Table4[EV_Sales]))) -> 0.00016456037
A13: {=INDEX($F$3:$F$37, INT((ROW()-3)/6)+1)} -> Andaman & Nicobar Island | B13: 4-Wheelers | C13: 2023 | D13: =SUMIFS( electric_vehicle_sales_by_state[electric_vehicles_sold], electric_vehicle_sales_by_state[state], Table6[[#This Row],[State]], electric_vehicle_sales_by_state[vehicle_category], Table6[[#This Row],[Vehical-category]], electric_vehicle_sales_by_state[fiscal_year], Table6[[#This Row],[fiscal_year]] ) -> 6 | F13: Mizoram | G13: 2-Wheelers | H13: =SUMIFS( Table6[electric_vehicles_sold], Table6[State],Table7[[#This Row],[State]], Table6[Vehical-category], Table7[[#This Row],[Vehical-category]], Table6[fiscal_year], 2022 ) -> 0 | I13: =SUMIFS( Table6[electric_vehicles_sold], Table6[State],Table7[[#This Row],[State]], Table6[Vehical-category], Table7[[#This Row],[Vehical-category]], Table6[fiscal_year], 2023 ) -> 65 | J13: =SUMIFS( Table6[electric_vehicles_sold], Table6[State],Table7[[#This Row],[State]], Table6[Vehical-category], Table7[[#This Row],[Vehical-category]], Table6[fiscal_year], 2024 ) -> 274 | K13: =SUMIFS(electric_vehicle_sales_by_state[total_vehicles_sold], electric_vehicle_sales_by_state[state],Table7[[#This Row],[State]],electric_vehicle_sales_by_state[vehicle_category],Table7[[#This Row],[Vehical-category]], electric_vehicle_sales_by_state[fiscal_year], 2024) -> 22035 | L13: =(Table7[[#This Row],[EV_2024]]/(SUMIFS(electric_vehicle_sales_by_state[total_vehicles_sold],electric_vehicle_sales_by_state[state],Table7[[#This Row],[State]],electric_vehicle_sales_by_state[vehicle_category],Table7[[#This Row],[Vehical-category]],electric_vehicle_sales_by_state[fiscal_year], 2024))) -> 0.012434763 | M13: =IF(AND(Table7[[#This Row],[EV_2022]]>0, Table7[[#This Row],[EV_2024]]>0), ((Table7[[#This Row],[EV_2024]]/Table7[[#This Row],[EV_2022]])^(1/2) - 1), 0 ) -> 0 | N13: =IF(Table7[[#This Row],[EV_2024]]>0, (Table7[[#This Row],[EV_2024]] * ((1 + Table7[[#This Row],[CAGR]])^6)), 0 ) -> 274 | Q13: Sum of electric_vehicles_sold | R13: Column Labels | AC13: Nagaland | AD13: =SUMIFS(electric_vehicle_sales_by_state[total_vehicles_sold],electric_vehicle_sales_by_state[state],Table4[[#This Row],[State]]) -> 44092 | AE13: =SUMIFS(electric_vehicle_sales_by_state[electric_vehicles_sold],electric_vehicle_sales_by_state[state],Table4[[#This Row],[State]]) -> 13 | AF13: =(Table4[[#This Row],[EV_Sales]]/Table4[[#This Row],[Total Sales]]) -> 0.00029483807 | AG13: =VLOOKUP(Table4[[#This Row],[State]],PRC!A13:L48,11, FALSE) -> 0.00013245182 | AH13: =VLOOKUP(Table4[[#This Row],[State]],Table8[#All],12,FALSE) -> 0.00032002445 | AI13: =VLOOKUP(Table4[[#This Row],[State]],Table8[#All],13,FALSE) -> 0.00045247627 | AJ13: =(Table4[[#This Row],[EV_Sales]]/(SUM(Table4[EV_Sales]))) -> 6.2920143e-06
A14: {=INDEX($F$3:$F$37, INT((ROW()-3)/6)+1)} -> Andaman & Nicobar Island | B14: 4-Wheelers | C14: 2024 | D14: =SUMIFS( electric_vehicle_sales_by_state[electric_vehicles_sold], electric_vehicle_sales_by_state[state], Table6[[#This Row],[State]], electric_vehicle_sales_by_state[vehicle_category], Table6[[#This Row],[Vehical-category]], electric_vehicle_sales_by_state[fiscal_year], Table6[[#This Row],[fiscal_year]] ) -> 15 | F14: Nagaland | G14: 2-Wheelers | H14: =SUMIFS( Table6[electric_vehicles_sold], Table6[State],Table7[[#This Row],[State]], Table6[Vehical-category], Table7[[#This Row],[Vehical-category]], Table6[fiscal_year], 2022 ) -> 1 | I14: =SUMIFS( Table6[electric_vehicles_sold], Table6[State],Table7[[#This Row],[State]], Table6[Vehical-category], Table7[[#This Row],[Vehical-category]], Table6[fiscal_year], 2023 ) -> 3 | J14: =SUMIFS( Table6[electric_vehicles_sold], Table6[State],Table7[[#This Row],[State]], Table6[Vehical-category], Table7[[#This Row],[Vehical-category]], Table6[fiscal_year], 2024 ) -> 5 | K14: =SUMIFS(electric_vehicle_sales_by_state[total_vehicles_sold], electric_vehicle_sales_by_state[state],Table7[[#This Row],[State]],electric_vehicle_sales_by_state[vehicle_category],Table7[[#This Row],[Vehical-category]], electric_vehicle_sales_by_state[fiscal_year], 2024) -> 7516 | L14: =(Table7[[#This Row],[EV_2024]]/(SUMIFS(electric_vehicle_sales_by_state[total_vehicles_sold],electric_vehicle_sales_by_state[state],Table7[[#This Row],[State]],electric_vehicle_sales_by_state[vehicle_category],Table7[[#This Row],[Vehical-category]],electric_vehicle_sales_by_state[fiscal_year], 2024))) -> 0.00066524747 | M14: =IF(AND(Table7[[#This Row],[EV_2022]]>0, Table7[[#This Row],[EV_2024]]>0), ((Table7[[#This Row],[EV_2024]]/Table7[[#This Row],[EV_2022]])^(1/2) - 1), 0 ) -> 1.236068 | N14: =IF(Table7[[#This Row],[EV_2024]]>0, (Table7[[#This Row],[EV_2024]] * ((1 + Table7[[#This Row],[CAGR]])^6)), 0 ) -> 625 | Q14: Row Labels | R14: 2022 | S14: Grand Total | AC14: Puducherry | AD14: =SUMIFS(electric_vehicle_sales_by_state[total_vehicles_sold],electric_vehicle_sales_by_state[state],Table4[[#This Row],[State]]) -> 150798 | AE14: =SUMIFS(electric_vehicle_sales_by_state[electric_vehicles_sold],electric_vehicle_sales_by_state[state],Table4[[#This Row],[State]]) -> 5536 | AF14: =(Table4[[#This Row],[EV_Sales]]/Table4[[#This Row],[Total Sales]]) -> 0.036711362 | AG14: =VLOOKUP(Table4[[#This Row],[State]],PRC!A14:L49,11, FALSE) -> 0.016878986 | AH14: =VLOOKUP(Table4[[#This Row],[State]],Table8[#All],12,FALSE) -> 0.019728338 | AI14: =VLOOKUP(Table4[[#This Row],[State]],Table8[#All],13,FALSE) -> 0.036607324 | AJ14: =(Table4[[#This Row],[EV_Sales]]/(SUM(Table4[EV_Sales]))) -> 0.0026794301
A15: {=INDEX($F$3:$F$37, INT((ROW()-3)/6)+1)} -> Arunachal Pradesh | B15: 2-Wheelers | C15: 2022 | D15: =SUMIFS( electric_vehicle_sales_by_state[electric_vehicles_sold], electric_vehicle_sales_by_state[state], Table6[[#This Row],[State]], electric_vehicle_sales_by_state[vehicle_category], Table6[[#This Row],[Vehical-category]], electric_vehicle_sales_by_state[fiscal_year], Table6[[#This Row],[fiscal_year]] ) -> 0 | F15: Puducherry | G15: 2-Wheelers | H15: =SUMIFS( Table6[electric_vehicles_sold], Table6[State],Table7[[#This Row],[State]], Table6[Vehical-category], Table7[[#This Row],[Vehical-category]], Table6[fiscal_year], 2022 ) -> 723 | I15: =SUMIFS( Table6[electric_vehicles_sold], Table6[State],Table7[[#This Row],[State]], Table6[Vehical-category], Table7[[#This Row],[Vehical-category]], Table6[fiscal_year], 2023 ) -> 1653 | J15: =SUMIFS( Table6[electric_vehicles_sold], Table6[State],Table7[[#This Row],[State]], Table6[Vehical-category], Table7[[#This Row],[Vehical-category]], Table6[fiscal_year], 2024 ) -> 2987 | K15: =SUMIFS(electric_vehicle_sales_by_state[total_vehicles_sold], electric_vehicle_sales_by_state[state],Table7[[#This Row],[State]],electric_vehicle_sales_by_state[vehicle_category],Table7[[#This Row],[Vehical-category]], electric_vehicle_sales_by_state[fiscal_year], 2024) -> 46119 | L15: =(Table7[[#This Row],[EV_2024]]/(SUMIFS(electric_vehicle_sales_by_state[total_vehicles_sold],electric_vehicle_sales_by_state[state],Table7[[#This Row],[State]],electric_vehicle_sales_by_state[vehicle_category],Table7[[#This Row],[Vehical-category]],electric_vehicle_sales_by_state[fiscal_year], 2024))) -> 0.064767233 | M15: =IF(AND(Table7[[#This Row],[EV_2022]]>0, Table7[[#This Row],[EV_2024]]>0), ((Table7[[#This Row],[EV_2024]]/Table7[[#This Row],[EV_2022]])^(1/2) - 1), 0 ) -> 1.0325838 | N15: =IF(Table7[[#This Row],[EV_2024]]>0, (Table7[[#This Row],[EV_2024]] * ((1 + Table7[[#This Row],[CAGR]])^6)), 0 ) -> 210632.8 | Q15: 2-Wheelers | R15: 54398 | S15: 54398 | AC15: Tripura | AD15: =SUMIFS(electric_vehicle_sales_by_state[total_vehicles_sold],electric_vehicle_sales_by_state[state],Table4[[#This Row],[State]]) -> 125216 | AE15: =SUMIFS(electric_vehicle_sales_by_state[electric_vehicles_sold],electric_vehicle_sales_by_state[state],Table4[[#This Row],[State]]) -> 562 | AF15: =(Table4[[#This Row],[EV_Sales]]/Table4[[#This Row],[Total Sales]]) -> 0.0044882443 | AG15: =VLOOKUP(Table4[[#This Row],[State]],PRC!A15:L50,11, FALSE) -> 0.0048630913 | AH15: =VLOOKUP(Table4[[#This Row],[State]],Table8[#All],12,FALSE) -> 0.00093998645 | AI15: =VLOOKUP(Table4[[#This Row],[State]],Table8[#All],13,FALSE) -> 0.0058030777 | AJ15: =(Table4[[#This Row],[EV_Sales]]/(SUM(Table4[EV_Sales]))) -> 0.00027200862
A16: {=INDEX($F$3:$F$37, INT((ROW()-3)/6)+1)} -> Arunachal Pradesh | B16: 2-Wheelers | C16: 2023 | D16: =SUMIFS( electric_vehicle_sales_by_state[electric_vehicles_sold], electric_vehicle_sales_by_state[state], Table6[[#This Row],[State]], electric_vehicle_sales_by_state[vehicle_category], Table6[[#This Row],[Vehical-category]], electric_vehicle_sales_by_state[fiscal_year], Table6[[#This Row],[fiscal_year]] ) -> 1 | F16: Tripura | G16: 2-Wheelers | H16: =SUMIFS( Table6[electric_vehicles_sold], Table6[State],Table7[[#This Row],[State]], Table6[Vehical-category], Table7[[#This Row],[Vehical-category]], Table6[fiscal_year], 2022 ) -> 28 | I16: =SUMIFS( Table6[electric_vehicles_sold], Table6[State],Table7[[#This Row],[State]], Table6[Vehical-category], Table7[[#This Row],[Vehical-category]], Table6[fiscal_year], 2023 ) -> 221 | J16: =SUMIFS( Table6[electric_vehicles_sold], Table6[State],Table7[[#This Row],[State]], Table6[Vehical-category], Table7[[#This Row],[Vehical-category]], Table6[fiscal_year], 2024 ) -> 273 | K16: =SUMIFS(electric_vehicle_sales_by_state[total_vehicles_sold], electric_vehicle_sales_by_state[state],Table7[[#This Row],[State]],electric_vehicle_sales_by_state[vehicle_category],Table7[[#This Row],[Vehical-category]], electric_vehicle_sales_by_state[fiscal_year], 2024) -> 40620 | L16: =(Table7[[#This Row],[EV_2024]]/(SUMIFS(electric_vehicle_sales_by_state[total_vehicles_sold],electric_vehicle_sales_by_state[state],Table7[[#This Row],[State]],electric_vehicle_sales_by_state[vehicle_category],Table7[[#This Row],[Vehical-category]],electric_vehicle_sales_by_state[fiscal_year], 2024))) -> 0.0067208272 | M16: =IF(AND(Table7[[#This Row],[EV_2022]]>0, Table7[[#This Row],[EV_2024]]>0), ((Table7[[#This Row],[EV_2024]]/Table7[[#This Row],[EV_2022]])^(1/2) - 1), 0 ) -> 2.122499 | N16: =IF(Table7[[#This Row],[EV_2024]]>0, (Table7[[#This Row],[EV_2024]] * ((1 + Table7[[#This Row],[CAGR]])^6)), 0 ) -> 253032.61 | Q16: 4-Wheelers | R16: 3720 | S16: 3720 | AC16: Himachal Pradesh | AD16: =SUMIFS(electric_vehicle_sales_by_state[total_vehicles_sold],electric_vehicle_sales_by_state[state],Table4[[#This Row],[State]]) -> 325366 | AE16: =SUMIFS(electric_vehicle_sales_by_state[electric_vehicles_sold],electric_vehicle_sales_by_state[state],Table4[[#This Row],[State]]) -> 2595 | AF16: =(Table4[[#This Row],[EV_Sales]]/Table4[[#This Row],[Total Sales]]) -> 0.0079756336 | AG16: =VLOOKUP(Table4[[#This Row],[State]],PRC!A16:L51,11, FALSE) -> 0.0055267323 | AH16: =VLOOKUP(Table4[[#This Row],[State]],Table8[#All],12,FALSE) -> -0.0010840653 | AI16: =VLOOKUP(Table4[[#This Row],[State]],Table8[#All],13,FALSE) -> 0.004442667 | AJ16: =(Table4[[#This Row],[EV_Sales]]/(SUM(Table4[EV_Sales]))) -> 0.0012559829
A17: {=INDEX($F$3:$F$37, INT((ROW()-3)/6)+1)} -> Arunachal Pradesh | B17: 2-Wheelers | C17: 2024 | D17: =SUMIFS( electric_vehicle_sales_by_state[electric_vehicles_sold], electric_vehicle_sales_by_state[state], Table6[[#This Row],[State]], electric_vehicle_sales_by_state[vehicle_category], Table6[[#This Row],[Vehical-category]], electric_vehicle_sales_by_state[fiscal_year], Table6[[#This Row],[fiscal_year]] ) -> 3 | F17: Himachal Pradesh | G17: 2-Wheelers | H17: =SUMIFS( Table6[electric_vehicles_sold], Table6[State],Table7[[#This Row],[State]], Table6[Vehical-category], Table7[[#This Row],[Vehical-category]], Table6[fiscal_year], 2022 ) -> 424 | I17: =SUMIFS( Table6[electric_vehicles_sold], Table6[State],Table7[[#This Row],[State]], Table6[Vehical-category], Table7[[#This Row],[Vehical-category]], Table6[fiscal_year], 2023 ) -> 1039 | J17: =SUMIFS( Table6[electric_vehicles_sold], Table6[State],Table7[[#This Row],[State]], Table6[Vehical-category], Table7[[#This Row],[Vehical-category]], Table6[fiscal_year], 2024 ) -> 888 | K17: =SUMIFS(electric_vehicle_sales_by_state[total_vehicles_sold], electric_vehicle_sales_by_state[state],Table7[[#This Row],[State]],electric_vehicle_sales_by_state[vehicle_category],Table7[[#This Row],[Vehical-category]], electric_vehicle_sales_by_state[fiscal_year], 2024) -> 68013 | L17: =(Table7[[#This Row],[EV_2024]]/(SUMIFS(electric_vehicle_sales_by_state[total_vehicles_sold],electric_vehicle_sales_by_state[state],Table7[[#This Row],[State]],electric_vehicle_sales_by_state[vehicle_category],Table7[[#This Row],[Vehical-category]],electric_vehicle_sales_by_state[fiscal_year], 2024))) -> 0.013056327 | M17: =IF(AND(Table7[[#This Row],[EV_2022]]>0, Table7[[#This Row],[EV_2024]]>0), ((Table7[[#This Row],[EV_2024]]/Table7[[#This Row],[EV_2022]])^(1/2) - 1), 0 ) -> 0.44718334 | N17: =IF(Table7[[#This Row],[EV_2024]]>0, (Table7[[#This Row],[EV_2024]] * ((1 + Table7[[#This Row],[CAGR]])^6)), 0 ) -> 8157.4476 | Q17: Grand Total | R17: 58118 | S17: 58118 | AC17: Andhra Pradesh | AD17: =SUMIFS(electric_vehicle_sales_by_state[total_vehicles_sold],electric_vehicle_sales_by_state[state],Table4[[#This Row],[State]]) -> 2283871 | AE17: =SUMIFS(electric_vehicle_sales_by_state[electric_vehicles_sold],electric_vehicle_sales_by_state[state],Table4[[#This Row],[State]]) -> 77422 | AF17: =(Table4[[#This Row],[EV_Sales]]/Table4[[#This Row],[Total Sales]]) -> 0.033899463 | AG17: =VLOOKUP(Table4[[#This Row],[State]],PRC!A17:L52,11, FALSE) -> 0.023597252 | AH17: =VLOOKUP(Table4[[#This Row],[State]],Table8[#All],12,FALSE) -> 0.00076537976 | AI17: =VLOOKUP(Table4[[#This Row],[State]],Table8[#All],13,FALSE) -> 0.024362631 | AJ17: =(Table4[[#This Row],[EV_Sales]]/(SUM(Table4[EV_Sales]))) -> 0.037472333
A18: {=INDEX($F$3:$F$37, INT((ROW()-3)/6)+1)} -> Arunachal Pradesh | B18: 4-Wheelers | C18: 2022 | D18: =SUMIFS( electric_vehicle_sales_by_state[electric_vehicles_sold], electric_vehicle_sales_by_state[state], Table6[[#This Row],[State]], electric_vehicle_sales_by_state[vehicle_category], Table6[[#This Row],[Vehical-category]], electric_vehicle_sales_by_state[fiscal_year], Table6[[#This Row],[fiscal_year]] ) -> 0 | F18: Andhra Pradesh | G18: 2-Wheelers | H18: =SUMIFS( Table6[electric_vehicles_sold], Table6[State],Table7[[#This Row],[State]], Table6[Vehical-category], Table7[[#This Row],[Vehical-category]], Table6[fiscal_year], 2022 ) -> 13465 | I18: =SUMIFS( Table6[electric_vehicles_sold], Table6[State],Table7[[#This Row],[State]], Table6[Vehical-category], Table7[[#This Row],[Vehical-category]], Table6[fiscal_year], 2023 ) -> 29281 | J18: =SUMIFS( Table6[electric_vehicles_sold], Table6[State],Table7[[#This Row],[State]], Table6[Vehical-category], Table7[[#This Row],[Vehical-category]], Table6[fiscal_year], 2024 ) -> 31353 | K18: =SUMIFS(electric_vehicle_sales_by_state[total_vehicles_sold], electric_vehicle_sales_by_state[state],Table7[[#This Row],[State]],electric_vehicle_sales_by_state[vehicle_category],Table7[[#This Row],[Vehical-category]], electric_vehicle_sales_by_state[fiscal_year], 2024) -> 694105 | L18: =(Table7[[#This Row],[EV_2024]]/(SUMIFS(electric_vehicle_sales_by_state[total_vehicles_sold],electric_vehicle_sales_by_state[state],Table7[[#This Row],[State]],electric_vehicle_sales_by_state[vehicle_category],Table7[[#This Row],[Vehical-category]],electric_vehicle_sales_by_state[fiscal_year], 2024))) -> 0.045170399 | M18: =IF(AND(Table7[[#This Row],[EV_2022]]>0, Table7[[#This Row],[EV_2024]]>0), ((Table7[[#This Row],[EV_2024]]/Table7[[#This Row],[EV_2022]])^(1/2) - 1), 0 ) -> 0.52593619 | N18: =IF(Table7[[#This Row],[EV_2024]]>0, (Table7[[#This Row],[EV_2024]] * ((1 + Table7[[#This Row],[CAGR]])^6)), 0 ) -> 395819.64 | AC18: Bihar | AD18: =SUMIFS(electric_vehicle_sales_by_state[total_vehicles_sold],electric_vehicle_sales_by_state[state],Table4[[#This Row],[State]]) -> 3048373 | AE18: =SUMIFS(electric_vehicle_sales_by_state[electric_vehicles_sold],electric_vehicle_sales_by_state[state],Table4[[#This Row],[State]]) -> 31019 | AF18: =(Table4[[#This Row],[EV_Sales]]/Table4[[#This Row],[Total Sales]]) -> 0.010175592 | AG18: =VLOOKUP(Table4[[#This Row],[State]],PRC!A18:L53,11, FALSE) -> 0.0054647414 | AH18: =VLOOKUP(Table4[[#This Row],[State]],Table8[#All],12,FALSE) -> 0.0024304502 | AI18: =VLOOKUP(Table4[[#This Row],[State]],Table8[#All],13,FALSE) -> 0.0078951917 | AJ18: =(Table4[[#This Row],[EV_Sales]]/(SUM(Table4[EV_Sales]))) -> 0.01501323
A19: {=INDEX($F$3:$F$37, INT((ROW()-3)/6)+1)} -> Arunachal Pradesh | B19: 4-Wheelers | C19: 2023 | D19: =SUMIFS( electric_vehicle_sales_by_state[electric_vehicles_sold], electric_vehicle_sales_by_state[state], Table6[[#This Row],[State]], electric_vehicle_sales_by_state[vehicle_category], Table6[[#This Row],[Vehical-category]], electric_vehicle_sales_by_state[fiscal_year], Table6[[#This Row],[fiscal_year]] ) -> 1 | F19: Bihar | G19: 2-Wheelers | H19: =SUMIFS( Table6[electric_vehicles_sold], Table6[State],Table7[[#This Row],[State]], Table6[Vehical-category], Table7[[#This Row],[Vehical-category]], Table6[fiscal_year], 2022 ) -> 4750 | I19: =SUMIFS( Table6[electric_vehicles_sold], Table6[State],Table7[[#This Row],[State]], Table6[Vehical-category], Table7[[#This Row],[Vehical-category]], Table6[fiscal_year], 2023 ) -> 10904 | J19: =SUMIFS( Table6[electric_vehicles_sold], Table6[State],Table7[[#This Row],[State]], Table6[Vehical-category], Table7[[#This Row],[Vehical-category]], Table6[fiscal_year], 2024 ) -> 14366 | K19: =SUMIFS(electric_vehicle_sales_by_state[total_vehicles_sold], electric_vehicle_sales_by_state[state],Table7[[#This Row],[State]],electric_vehicle_sales_by_state[vehicle_category],Table7[[#This Row],[Vehical-category]], electric_vehicle_sales_by_state[fiscal_year], 2024) -> 1057642 | L19: =(Table7[[#This Row],[EV_2024]]/(SUMIFS(electric_vehicle_sales_by_state[total_vehicles_sold],electric_vehicle_sales_by_state[state],Table7[[#This Row],[State]],electric_vehicle_sales_by_state[vehicle_category],Table7[[#This Row],[Vehical-category]],electric_vehicle_sales_by_state[fiscal_year], 2024))) -> 0.013583046 | M19: =IF(AND(Table7[[#This Row],[EV_2022]]>0, Table7[[#This Row],[EV_2024]]>0), ((Table7[[#This Row],[EV_2024]]/Table7[[#This Row],[EV_2022]])^(1/2) - 1), 0 ) -> 0.73908627 | N19: =IF(Table7[[#This Row],[EV_2024]]>0, (Table7[[#This Row],[EV_2024]] * ((1 + Table7[[#This Row],[CAGR]])^6)), 0 ) -> 397431.81 | AC19: Chandigarh | AD19: =SUMIFS(electric_vehicle_sales_by_state[total_vehicles_sold],electric_vehicle_sales_by_state[state],Table4[[#This Row],[State]]) -> 130628 | AE19: =SUMIFS(electric_vehicle_sales_by_state[electric_vehicles_sold],electric_vehicle_sales_by_state[state],Table4[[#This Row],[State]]) -> 5279 | AF19: =(Table4[[#This Row],[EV_Sales]]/Table4[[#This Row],[Total Sales]]) -> 0.040412469 | AG19: =VLOOKUP(Table4[[#This Row],[State]],PRC!A19:L54,11, FALSE) -> 0.02990677 | AH19: =VLOOKUP(Table4[[#This Row],[State]],Table8[#All],12,FALSE) -> 0.022696459 | AI19: =VLOOKUP(Table4[[#This Row],[State]],Table8[#All],13,FALSE) -> 0.052603229 | AJ19: =(Table4[[#This Row],[EV_Sales]]/(SUM(Table4[EV_Sales]))) -> 0.0025550418
A20: {=INDEX($F$3:$F$37, INT((ROW()-3)/6)+1)} -> Arunachal Pradesh | B20: 4-Wheelers | C20: 2024 | D20: =SUMIFS( electric_vehicle_sales_by_state[electric_vehicles_sold], electric_vehicle_sales_by_state[state], Table6[[#This Row],[State]], electric_vehicle_sales_by_state[vehicle_category], Table6[[#This Row],[Vehical-category]], electric_vehicle_sales_by_state[fiscal_year], Table6[[#This Row],[fiscal_year]] ) -> 28 | F20: Chandigarh | G20: 2-Wheelers | H20: =SUMIFS( Table6[electric_vehicles_sold], Table6[State],Table7[[#This Row],[State]], Table6[Vehical-category], Table7[[#This Row],[Vehical-category]], Table6[fiscal_year], 2022 ) -> 286 | I20: =SUMIFS( Table6[electric_vehicles_sold], Table6[State],Table7[[#This Row],[State]], Table6[Vehical-category], Table7[[#This Row],[Vehical-category]], Table6[fiscal_year], 2023 ) -> 1511 | J20: =SUMIFS( Table6[electric_vehicles_sold], Table6[State],Table7[[#This Row],[State]], Table6[Vehical-category], Table7[[#This Row],[Vehical-category]], Table6[fiscal_year], 2024 ) -> 1857 | K20: =SUMIFS(electric_vehicle_sales_by_state[total_vehicles_sold], electric_vehicle_sales_by_state[state],Table7[[#This Row],[State]],electric_vehicle_sales_by_state[vehicle_category],Table7[[#This Row],[Vehical-category]], electric_vehicle_sales_by_state[fiscal_year], 2024) -> 22496 | L20: =(Table7[[#This Row],[EV_2024]]/(SUMIFS(electric_vehicle_sales_by_state[total_vehicles_sold],electric_vehicle_sales_by_state[state],Table7[[#This Row],[State]],electric_vehicle_sales_by_state[vehicle_category],Table7[[#This Row],[Vehical-category]],electric_vehicle_sales_by_state[fiscal_year], 2024))) -> 0.082548009 | M20: =IF(AND(Table7[[#This Row],[EV_2022]]>0, Table7[[#This Row],[EV_2024]]>0), ((Table7[[#This Row],[EV_2024]]/Table7[[#This Row],[EV_2022]])^(1/2) - 1), 0 ) -> 1.5481379 | N20: =IF(Table7[[#This Row],[EV_2024]]>0, (Table7[[#This Row],[EV_2024]] * ((1 + Table7[[#This Row],[CAGR]])^6)), 0 ) -> 508334.42 | AC20: Delhi | AD20: =SUMIFS(electric_vehicle_sales_by_state[total_vehicles_sold],electric_vehicle_sales_by_state[state],Table4[[#This Row],[State]]) -> 1588436 | AE20: =SUMIFS(electric_vehicle_sales_by_state[electric_vehicles_sold],electric_vehicle_sales_by_state[state],Table4[[#This Row],[State]]) -> 107312 | AF20: =(Table4[[#This Row],[EV_Sales]]/Table4[[#This Row],[Total Sales]]) -> 0.067558277 | AG20: =VLOOKUP(Table4[[#This Row],[State]],PRC!A20:L55,11, FALSE) -> 0.034702792 | AH20: =VLOOKUP(Table4[[#This Row],[State]],Table8[#All],12,FALSE) -> 0.001176306 | AI20: =VLOOKUP(Table4[[#This Row],[State]],Table8[#All],13,FALSE) -> 0.035879098 | AJ20: =(Table4[[#This Row],[EV_Sales]]/(SUM(Table4[EV_Sales]))) -> 0.051939126
A21: {=INDEX($F$3:$F$37, INT((ROW()-3)/6)+1)} -> Assam | B21: 2-Wheelers | C21: 2022 | D21: =SUMIFS( electric_vehicle_sales_by_state[electric_vehicles_sold], electric_vehicle_sales_by_state[state], Table6[[#This Row],[State]], electric_vehicle_sales_by_state[vehicle_category], Table6[[#This Row],[Vehical-category]], electric_vehicle_sales_by_state[fiscal_year], Table6[[#This Row],[fiscal_year]] ) -> 719 | F21: Delhi | G21: 2-Wheelers | H21: =SUMIFS( Table6[electric_vehicles_sold], Table6[State],Table7[[#This Row],[State]], Table6[Vehical-category], Table7[[#This Row],[Vehical-category]], Table6[fiscal_year], 2022 ) -> 14258 | I21: =SUMIFS( Table6[electric_vehicles_sold], Table6[State],Table7[[#This Row],[State]], Table6[Vehical-category], Table7[[#This Row],[Vehical-category]], Table6[fiscal_year], 2023 ) -> 36826 | J21: =SUMIFS( Table6[electric_vehicles_sold], Table6[State],Table7[[#This Row],[State]], Table6[Vehical-category], Table7[[#This Row],[Vehical-category]], Table6[fiscal_year], 2024 ) -> 38094 | K21: =SUMIFS(electric_vehicle_sales_by_state[total_vehicles_sold], electric_vehicle_sales_by_state[state],Table7[[#This Row],[State]],electric_vehicle_sales_by_state[vehicle_category],Table7[[#This Row],[Vehical-category]], electric_vehicle_sales_by_state[fiscal_year], 2024) -> 405218 | L21: =(Table7[[#This Row],[EV_2024]]/(SUMIFS(electric_vehicle_sales_by_state[total_vehicles_sold],electric_vehicle_sales_by_state[state],Table7[[#This Row],[State]],electric_vehicle_sales_by_state[vehicle_category],Table7[[#This Row],[Vehical-category]],electric_vehicle_sales_by_state[fiscal_year], 2024))) -> 0.094008657 | M21: =IF(AND(Table7[[#This Row],[EV_2022]]>0, Table7[[#This Row],[EV_2024]]>0), ((Table7[[#This Row],[EV_2024]]/Table7[[#This Row],[EV_2022]])^(1/2) - 1), 0 ) -> 0.63455291 | N21: =IF(Table7[[#This Row],[EV_2024]]>0, (Table7[[#This Row],[EV_2024]] * ((1 + Table7[[#This Row],[CAGR]])^6)), 0 ) -> 726524.86 | AC21: Goa | AD21: =SUMIFS(electric_vehicle_sales_by_state[total_vehicles_sold],electric_vehicle_sales_by_state[state],Table4[[#This Row],[State]]) -> 199970 | AE21: =SUMIFS(electric_vehicle_sales_by_state[electric_vehicles_sold],electric_vehicle_sales_by_state[state],Table4[[#This Row],[State]]) -> 19684 | AF21: =(Table4[[#This Row],[EV_Sales]]/Table4[[#This Row],[Total Sales]]) -> 0.098434765 | AG21: =VLOOKUP(Table4[[#This Row],[State]],PRC!A21:L56,11, FALSE) -> 0.060500773 | AH21: =VLOOKUP(Table4[[#This Row],[State]],Table8[#All],12,FALSE) -> 0.040267259 | AI21: =VLOOKUP(Table4[[#This Row],[State]],Table8[#All],13,FALSE) -> 0.10076803 | AJ21: =(Table4[[#This Row],[EV_Sales]]/(SUM(Table4[EV_Sales]))) -> 0.0095270777
A22: {=INDEX($F$3:$F$37, INT((ROW()-3)/6)+1)} -> Assam | B22: 2-Wheelers | C22: 2023 | D22: =SUMIFS( electric_vehicle_sales_by_state[electric_vehicles_sold], electric_vehicle_sales_by_state[state], Table6[[#This Row],[State]], electric_vehicle_sales_by_state[vehicle_category], Table6[[#This Row],[Vehical-category]], electric_vehicle_sales_by_state[fiscal_year], Table6[[#This Row],[fiscal_year]] ) -> 2076 | F22: Goa | G22: 2-Wheelers | H22: =SUMIFS( Table6[electric_vehicles_sold], Table6[State],Table7[[#This Row],[State]], Table6[Vehical-category], Table7[[#This Row],[Vehical-category]], Table6[fiscal_year], 2022 ) -> 1443 | I22: =SUMIFS( Table6[electric_vehicles_sold], Table6[State],Table7[[#This Row],[State]], Table6[Vehical-category], Table7[[#This Row],[Vehical-category]], Table6[fiscal_year], 2023 ) -> 6423 | J22: =SUMIFS( Table6[electric_vehicles_sold], Table6[State],Table7[[#This Row],[State]], Table6[Vehical-category], Table7[[#This Row],[Vehical-category]], Table6[fiscal_year], 2024 ) -> 9768 | K22: =SUMIFS(electric_vehicle_sales_by_state[total_vehicles_sold], electric_vehicle_sales_by_state[state],Table7[[#This Row],[State]],electric_vehicle_sales_by_state[vehicle_category],Table7[[#This Row],[Vehical-category]], electric_vehicle_sales_by_state[fiscal_year], 2024) -> 54290 | L22: =(Table7[[#This Row],[EV_2024]]/(SUMIFS(electric_vehicle_sales_by_state[total_vehicles_sold],electric_vehicle_sales_by_state[state],Table7[[#This Row],[State]],electric_vehicle_sales_by_state[vehicle_category],Table7[[#This Row],[Vehical-category]],electric_vehicle_sales_by_state[fiscal_year], 2024))) -> 0.17992264 | M22: =IF(AND(Table7[[#This Row],[EV_2022]]>0, Table7[[#This Row],[EV_2024]]>0), ((Table7[[#This Row],[EV_2024]]/Table7[[#This Row],[EV_2022]])^(1/2) - 1), 0 ) -> 1.6017745 | N22: =IF(Table7[[#This Row],[EV_2024]]>0, (Table7[[#This Row],[EV_2024]] * ((1 + Table7[[#This Row],[CAGR]])^6)), 0 ) -> 3029867.3 | AC22: Gujarat | AD22: =SUMIFS(electric_vehicle_sales_by_state[total_vehicles_sold],electric_vehicle_sales_by_state[state],Table4[[#This Row],[State]]) -> 4125551 | AE22: =SUMIFS(electric_vehicle_sales_by_state[electric_vehicles_sold],electric_vehicle_sales_by_state[state],Table4[[#This Row],[State]]) -> 181389 | AF22: =(Table4[[#This Row],[EV_Sales]]/Table4[[#This Row],[Total Sales]]) -> 0.043967218 | AG22: =VLOOKUP(Table4[[#This Row],[State]],PRC!A22:L57,11, FALSE) -> 0.038411601 | AH22: =VLOOKUP(Table4[[#This Row],[State]],Table8[#All],12,FALSE) -> -0.0018525656 | AI22: =VLOOKUP(Table4[[#This Row],[State]],Table8[#All],13,FALSE) -> 0.036559036 | AJ22: =(Table4[[#This Row],[EV_Sales]]/(SUM(Table4[EV_Sales]))) -> 0.087792476
A23: {=INDEX($F$3:$F$37, INT((ROW()-3)/6)+1)} -> Assam | B23: 2-Wheelers | C23: 2024 | D23: =SUMIFS( electric_vehicle_sales_by_state[electric_vehicles_sold], electric_vehicle_sales_by_state[state], Table6[[#This Row],[State]], electric_vehicle_sales_by_state[vehicle_category], Table6[[#This Row],[Vehical-category]], electric_vehicle_sales_by_state[fiscal_year], Table6[[#This Row],[fiscal_year]] ) -> 3168 | F23: Gujarat | G23: 2-Wheelers | H23: =SUMIFS( Table6[electric_vehicles_sold], Table6[State],Table7[[#This Row],[State]], Table6[Vehical-category], Table7[[#This Row],[Vehical-category]], Table6[fiscal_year], 2022 ) -> 16763 | I23: =SUMIFS( Table6[electric_vehicles_sold], Table6[State],Table7[[#This Row],[State]], Table6[Vehical-category], Table7[[#This Row],[Vehical-category]], Table6[fiscal_year], 2023 ) -> 75692 | J23: =SUMIFS( Table6[electric_vehicles_sold], Table6[State],Table7[[#This Row],[State]], Table6[Vehical-category], Table7[[#This Row],[Vehical-category]], Table6[fiscal_year], 2024 ) -> 77102 | K23: =SUMIFS(electric_vehicle_sales_by_state[total_vehicles_sold], electric_vehicle_sales_by_state[state],Table7[[#This Row],[State]],electric_vehicle_sales_by_state[vehicle_category],Table7[[#This Row],[Vehical-category]], electric_vehicle_sales_by_state[fiscal_year], 2024) -> 1236242 | L23: =(Table7[[#This Row],[EV_2024]]/(SUMIFS(electric_vehicle_sales_by_state[total_vehicles_sold],electric_vehicle_sales_by_state[state],Table7[[#This Row],[State]],electric_vehicle_sales_by_state[vehicle_category],Table7[[#This Row],[Vehical-category]],electric_vehicle_sales_by_state[fiscal_year], 2024))) -> 0.062368048 | M23: =IF(AND(Table7[[#This Row],[EV_2022]]>0, Table7[[#This Row],[EV_2024]]>0), ((Table7[[#This Row],[EV_2024]]/Table7[[#This Row],[EV_2022]])^(1/2) - 1), 0 ) -> 1.1446526 | N23: =IF(Table7[[#This Row],[EV_2024]]>0, (Table7[[#This Row],[EV_2024]] * ((1 + Table7[[#This Row],[CAGR]])^6)), 0 ) -> 7502523.1 | AC23: Haryana | AD23: =SUMIFS(electric_vehicle_sales_by_state[total_vehicles_sold],electric_vehicle_sales_by_state[state],Table4[[#This Row],[State]]) -> 1902768 | AE23: =SUMIFS(electric_vehicle_sales_by_state[electric_vehicles_sold],electric_vehicle_sales_by_state[state],Table4[[#This Row],[State]]) -> 30797 | AF23: =(Table4[[#This Row],[EV_Sales]]/Table4[[#This Row],[Total Sales]]) -> 0.016185368 | AG23: =VLOOKUP(Table4[[#This Row],[State]],PRC!A23:L58,11, FALSE) -> 0.0091550853 | AH23: =VLOOKUP(Table4[[#This Row],[State]],Table8[#All],12,FALSE) -> -0.004256004 | AI23: =VLOOKUP(Table4[[#This Row],[State]],Table8[#All],13,FALSE) -> 0.0048990813 | AJ23: =(Table4[[#This Row],[EV_Sales]]/(SUM(Table4[EV_Sales]))) -> 0.014905782
A24: {=INDEX($F$3:$F$37, INT((ROW()-3)/6)+1)} -> Assam | B24: 4-Wheelers | C24: 2022 | D24: =SUMIFS( electric_vehicle_sales_by_state[electric_vehicles_sold], electric_vehicle_sales_by_state[state], Table6[[#This Row],[State]], electric_vehicle_sales_by_state[vehicle_category], Table6[[#This Row],[Vehical-category]], electric_vehicle_sales_by_state[fiscal_year], Table6[[#This Row],[fiscal_year]] ) -> 11 | F24: Haryana | G24: 2-Wheelers | H24: =SUMIFS( Table6[electric_vehicles_sold], Table6[State],Table7[[#This Row],[State]], Table6[Vehical-category], Table7[[#This Row],[Vehical-category]], Table6[fiscal_year], 2022 ) -> 5803 | I24: =SUMIFS( Table6[electric_vehicles_sold], Table6[State],Table7[[#This Row],[State]], Table6[Vehical-category], Table7[[#This Row],[Vehical-category]], Table6[fiscal_year], 2023 ) -> 11521 | J24: =SUMIFS( Table6[electric_vehicles_sold], Table6[State],Table7[[#This Row],[State]], Table6[Vehical-category], Table7[[#This Row],[Vehical-category]], Table6[fiscal_year], 2024 ) -> 9031 | K24: =SUMIFS(electric_vehicle_sales_by_state[total_vehicles_sold], electric_vehicle_sales_by_state[state],Table7[[#This Row],[State]],electric_vehicle_sales_by_state[vehicle_category],Table7[[#This Row],[Vehical-category]], electric_vehicle_sales_by_state[fiscal_year], 2024) -> 462725 | L24: =(Table7[[#This Row],[EV_2024]]/(SUMIFS(electric_vehicle_sales_by_state[total_vehicles_sold],electric_vehicle_sales_by_state[state],Table7[[#This Row],[State]],electric_vehicle_sales_by_state[vehicle_category],Table7[[#This Row],[Vehical-category]],electric_vehicle_sales_by_state[fiscal_year], 2024))) -> 0.019516992 | M24: =IF(AND(Table7[[#This Row],[EV_2022]]>0, Table7[[#This Row],[EV_2024]]>0), ((Table7[[#This Row],[EV_2024]]/Table7[[#This Row],[EV_2022]])^(1/2) - 1), 0 ) -> 0.24750311 | N24: =IF(Table7[[#This Row],[EV_2024]]>0, (Table7[[#This Row],[EV_2024]] * ((1 + Table7[[#This Row],[CAGR]])^6)), 0 ) -> 34039.695 | AC24: Jharkhand | AD24: =SUMIFS(electric_vehicle_sales_by_state[total_vehicles_sold],electric_vehicle_sales_by_state[state],Table4[[#This Row],[State]]) -> 1364886 | AE24: =SUMIFS(electric_vehicle_sales_by_state[electric_vehicles_sold],electric_vehicle_sales_by_state[state],Table4[[#This Row],[State]]) -> 18461 | AF24: =(Table4[[#This Row],[EV_Sales]]/Table4[[#This Row],[Total Sales]]) -> 0.013525672 | AG24: =VLOOKUP(Table4[[#This Row],[State]],PRC!A24:L59,11, FALSE) -> 0.010687183 | AH24: =VLOOKUP(Table4[[#This Row],[State]],Table8[#All],12,FALSE) -> -0.0014604952 | AI24: =VLOOKUP(Table4[[#This Row],[State]],Table8[#All],13,FALSE) -> 0.0092266877 | AJ24: =(Table4[[#This Row],[EV_Sales]]/(SUM(Table4[EV_Sales]))) -> 0.0089351443
A25: {=INDEX($F$3:$F$37, INT((ROW()-3)/6)+1)} -> Assam | B25: 4-Wheelers | C25: 2023 | D25: =SUMIFS( electric_vehicle_sales_by_state[electric_vehicles_sold], electric_vehicle_sales_by_state[state], Table6[[#This Row],[State]], electric_vehicle_sales_by_state[vehicle_category], Table6[[#This Row],[Vehical-category]], electric_vehicle_sales_by_state[fiscal_year], Table6[[#This Row],[fiscal_year]] ) -> 115 | F25: Jharkhand | G25: 2-Wheelers | H25: =SUMIFS( Table6[electric_vehicles_sold], Table6[State],Table7[[#This Row],[State]], Table6[Vehical-category], Table7[[#This Row],[Vehical-category]], Table6[fiscal_year], 2022 ) -> 2656 | I25: =SUMIFS( Table6[electric_vehicles_sold], Table6[State],Table7[[#This Row],[State]], Table6[Vehical-category], Table7[[#This Row],[Vehical-category]], Table6[fiscal_year], 2023 ) -> 7649 | J25: =SUMIFS( Table6[electric_vehicles_sold], Table6[State],Table7[[#This Row],[State]], Table6[Vehical-category], Table7[[#This Row],[Vehical-category]], Table6[fiscal_year], 2024 ) -> 7381 | K25: =SUMIFS(electric_vehicle_sales_by_state[total_vehicles_sold], electric_vehicle_sales_by_state[state],Table7[[#This Row],[State]],electric_vehicle_sales_by_state[vehicle_category],Table7[[#This Row],[Vehical-category]], electric_vehicle_sales_by_state[fiscal_year], 2024) -> 439281 | L25: =(Table7[[#This Row],[EV_2024]]/(SUMIFS(electric_vehicle_sales_by_state[total_vehicles_sold],electric_vehicle_sales_by_state[state],Table7[[#This Row],[State]],electric_vehicle_sales_by_state[vehicle_category],Table7[[#This Row],[Vehical-category]],electric_vehicle_sales_by_state[fiscal_year], 2024))) -> 0.016802457 | M25: =IF(AND(Table7[[#This Row],[EV_2022]]>0, Table7[[#This Row],[EV_2024]]>0), ((Table7[[#This Row],[EV_2024]]/Table7[[#This Row],[EV_2022]])^(1/2) - 1), 0 ) -> 0.66703058 | N25: =IF(Table7[[#This Row],[EV_2024]]>0, (Table7[[#This Row],[EV_2024]] * ((1 + Table7[[#This Row],[CAGR]])^6)), 0 ) -> 158407.82 | AC25: Karnataka | AD25: =SUMIFS(electric_vehicle_sales_by_state[total_vehicles_sold],electric_vehicle_sales_by_state[state],Table4[[#This Row],[State]]) -> 3994329 | AE25: =SUMIFS(electric_vehicle_sales_by_state[electric_vehicles_sold],electric_vehicle_sales_by_state[state],Table4[[#This Row],[State]]) -> 312995 | AF25: =(Table4[[#This Row],[EV_Sales]]/Table4[[#This Row],[Total Sales]]) -> 0.078359845 | AG25: =VLOOKUP(Table4[[#This Row],[State]],PRC!A25:L60,11, FALSE) -> 0.034762509 | AH25: =VLOOKUP(Table4[[#This Row],[State]],Table8[#All],12,FALSE) -> 0.024227874 | AI25: =VLOOKUP(Table4[[#This Row],[State]],Table8[#All],13,FALSE) -> 0.058990383 | AJ25: =(Table4[[#This Row],[EV_Sales]]/(SUM(Table4[EV_Sales]))) -> 0.15148992
A26: {=INDEX($F$3:$F$37, INT((ROW()-3)/6)+1)} -> Assam | B26: 4-Wheelers | C26: 2024 | D26: =SUMIFS( electric_vehicle_sales_by_state[electric_vehicles_sold], electric_vehicle_sales_by_state[state], Table6[[#This Row],[State]], electric_vehicle_sales_by_state[vehicle_category], Table6[[#This Row],[Vehical-category]], electric_vehicle_sales_by_state[fiscal_year], Table6[[#This Row],[fiscal_year]] ) -> 329 | F26: Karnataka | G26: 2-Wheelers | H26: =SUMIFS( Table6[electric_vehicles_sold], Table6[State],Table7[[#This Row],[State]], Table6[Vehical-category], Table7[[#This Row],[Vehical-category]], Table6[fiscal_year], 2022 ) -> 41278 | I26: =SUMIFS( Table6[electric_vehicles_sold], Table6[State],Table7[[#This Row],[State]], Table6[Vehical-category], Table7[[#This Row],[Vehical-category]], Table6[fiscal_year], 2023 ) -> 102940 | J26: =SUMIFS( Table6[electric_vehicles_sold], Table6[State],Table7[[#This Row],[State]], Table6[Vehical-category], Table7[[#This Row],[Vehical-category]], Table6[fiscal_year], 2024 ) -> 148111 | K26: =SUMIFS(electric_vehicle_sales_by_state[total_vehicles_sold], electric_vehicle_sales_by_state[state],Table7[[#This Row],[State]],electric_vehicle_sales_by_state[vehicle_category],Table7[[#This Row],[Vehical-category]], electric_vehicle_sales_by_state[fiscal_year], 2024) -> 1279767 | L26: =(Table7[[#This Row],[EV_2024]]/(SUMIFS(electric_vehicle_sales_by_state[total_vehicles_sold],electric_vehicle_sales_by_state[state],Table7[[#This Row],[State]],electric_vehicle_sales_by_state[vehicle_category],Table7[[#This Row],[Vehical-category]],electric_vehicle_sales_by_state[fiscal_year], 2024))) -> 0.11573279 | M26: =IF(AND(Table7[[#This Row],[EV_2022]]>0, Table7[[#This Row],[EV_2024]]>0), ((Table7[[#This Row],[EV_2024]]/Table7[[#This Row],[EV_2022]])^(1/2) - 1), 0 ) -> 0.89423708 | N26: =IF(Table7[[#This Row],[EV_2024]]>0, (Table7[[#This Row],[EV_2024]] * ((1 + Table7[[#This Row],[CAGR]])^6)), 0 ) -> 6842161.4 | AC26: Kerala | AD26: =SUMIFS(electric_vehicle_sales_by_state[total_vehicles_sold],electric_vehicle_sales_by_state[state],Table4[[#This Row],[State]]) -> 2064677 | AE26: =SUMIFS(electric_vehicle_sales_by_state[electric_vehicles_sold],electric_vehicle_sales_by_state[state],Table4[[#This Row],[State]]) -> 137060 | AF26: =(Table4[[#This Row],[EV_Sales]]/Table4[[#This Row],[Total Sales]]) -> 0.066383265 | AG26: =VLOOKUP(Table4[[#This Row],[State]],PRC!A26:L61,11, FALSE) -> 0.047363357 | AH26: =VLOOKUP(Table4[[#This Row],[State]],Table8[#All],12,FALSE) -> 0.048727372 | AI26: =VLOOKUP(Table4[[#This Row],[State]],Table8[#All],13,FALSE) -> 0.096090729 | AJ26: =(Table4[[#This Row],[EV_Sales]]/(SUM(Table4[EV_Sales]))) -> 0.066337191
A27: {=INDEX($F$3:$F$37, INT((ROW()-3)/6)+1)} -> Chhattisgarh | B27: 2-Wheelers | C27: 2022 | D27: =SUMIFS( electric_vehicle_sales_by_state[electric_vehicles_sold], electric_vehicle_sales_by_state[state], Table6[[#This Row],[State]], electric_vehicle_sales_by_state[vehicle_category], Table6[[#This Row],[Vehical-category]], electric_vehicle_sales_by_state[fiscal_year], Table6[[#This Row],[fiscal_year]] ) -> 4414 | F27: Kerala | G27: 2-Wheelers | H27: =SUMIFS( Table6[electric_vehicles_sold], Table6[State],Table7[[#This Row],[State]], Table6[Vehical-category], Table7[[#This Row],[Vehical-category]], Table6[fiscal_year], 2022 ) -> 11405 | I27: =SUMIFS( Table6[electric_vehicles_sold], Table6[State],Table7[[#This Row],[State]], Table6[Vehical-category], Table7[[#This Row],[Vehical-category]], Table6[fiscal_year], 2023 ) -> 44419 | J27: =SUMIFS( Table6[electric_vehicles_sold], Table6[State],Table7[[#This Row],[State]], Table6[Vehical-category], Table7[[#This Row],[Vehical-category]], Table6[fiscal_year], 2024 ) -> 64769 | K27: =SUMIFS(electric_vehicle_sales_by_state[total_vehicles_sold], electric_vehicle_sales_by_state[state],Table7[[#This Row],[State]],electric_vehicle_sales_by_state[vehicle_category],Table7[[#This Row],[Vehical-category]], electric_vehicle_sales_by_state[fiscal_year], 2024) -> 478887 | L27: =(Table7[[#This Row],[EV_2024]]/(SUMIFS(electric_vehicle_sales_by_state[total_vehicles_sold],electric_vehicle_sales_by_state[state],Table7[[#This Row],[State]],electric_vehicle_sales_by_state[vehicle_category],Table7[[#This Row],[Vehical-category]],electric_vehicle_sales_by_state[fiscal_year], 2024))) -> 0.13524903 | M27: =IF(AND(Table7[[#This Row],[EV_2022]]>0, Table7[[#This Row],[EV_2024]]>0), ((Table7[[#This Row],[EV_2024]]/Table7[[#This Row],[EV_2022]])^(1/2) - 1), 0 ) -> 1.3830653 | N27: =IF(Table7[[#This Row],[EV_2024]]>0, (Table7[[#This Row],[EV_2024]] * ((1 + Table7[[#This Row],[CAGR]])^6)), 0 ) -> 11862682 | AC27: Madhya Pradesh | AD27: =SUMIFS(electric_vehicle_sales_by_state[total_vehicles_sold],electric_vehicle_sales_by_state[state],Table4[[#This Row],[State]]) -> 3498698 | AE27: =SUMIFS(electric_vehicle_sales_by_state[electric_vehicles_sold],electric_vehicle_sales_by_state[state],Table4[[#This Row],[State]]) -> 78979 | AF27: =(Table4[[#This Row],[EV_Sales]]/Table4[[#This Row],[Total Sales]]) -> 0.022573826 | AG27: =VLOOKUP(Table4[[#This Row],[State]],PRC!A27:L62,11, FALSE) -> 0.014170767 | AH27: =VLOOKUP(Table4[[#This Row],[State]],Table8[#All],12,FALSE) -> 0.011250269 | AI27: =VLOOKUP(Table4[[#This Row],[State]],Table8[#All],13,FALSE) -> 0.025421036 | AJ27: =(Table4[[#This Row],[EV_Sales]]/(SUM(Table4[EV_Sales]))) -> 0.038225923
A28: {=INDEX($F$3:$F$37, INT((ROW()-3)/6)+1)} -> Chhattisgarh | B28: 2-Wheelers | C28: 2023 | D28: =SUMIFS( electric_vehicle_sales_by_state[electric_vehicles_sold], electric_vehicle_sales_by_state[state], Table6[[#This Row],[State]], electric_vehicle_sales_by_state[vehicle_category], Table6[[#This Row],[Vehical-category]], electric_vehicle_sales_by_state[fiscal_year], Table6[[#This Row],[fiscal_year]] ) -> 20192 | F28: Madhya Pradesh | G28: 2-Wheelers | H28: =SUMIFS( Table6[electric_vehicles_sold], Table6[State],Table7[[#This Row],[State]], Table6[Vehical-category], Table7[[#This Row],[Vehical-category]], Table6[fiscal_year], 2022 ) -> 7672 | I28: =SUMIFS( Table6[electric_vehicles_sold], Table6[State],Table7[[#This Row],[State]], Table6[Vehical-category], Table7[[#This Row],[Vehical-category]], Table6[fiscal_year], 2023 ) -> 27016 | J28: =SUMIFS( Table6[electric_vehicles_sold], Table6[State],Table7[[#This Row],[State]], Table6[Vehical-category], Table7[[#This Row],[Vehical-category]], Table6[fiscal_year], 2024 ) -> 41674 | K28: =SUMIFS(electric_vehicle_sales_by_state[total_vehicles_sold], electric_vehicle_sales_by_state[state],Table7[[#This Row],[State]],electric_vehicle_sales_by_state[vehicle_category],Table7[[#This Row],[Vehical-category]], electric_vehicle_sales_by_state[fiscal_year], 2024) -> 1125193 | L28: =(Table7[[#This Row],[EV_2024]]/(SUMIFS(electric_vehicle_sales_by_state[total_vehicles_sold],electric_vehicle_sales_by_state[state],Table7[[#This Row],[State]],electric_vehicle_sales_by_state[vehicle_category],Table7[[#This Row],[Vehical-category]],electric_vehicle_sales_by_state[fiscal_year], 2024))) -> 0.037037202 | M28: =IF(AND(Table7[[#This Row],[EV_2022]]>0, Table7[[#This Row],[EV_2024]]>0), ((Table7[[#This Row],[EV_2024]]/Table7[[#This Row],[EV_2022]])^(1/2) - 1), 0 ) -> 1.3306566 | N28: =IF(Table7[[#This Row],[EV_2024]]>0, (Table7[[#This Row],[EV_2024]] * ((1 + Table7[[#This Row],[CAGR]])^6)), 0 ) -> 6679361.8 | AC28: Maharashtra | AD28: =SUMIFS(electric_vehicle_sales_by_state[total_vehicles_sold],electric_vehicle_sales_by_state[state],Table4[[#This Row],[State]]) -> 6101429 | AE28: =SUMIFS(electric_vehicle_sales_by_state[electric_vehicles_sold],electric_vehicle_sales_by_state[state],Table4[[#This Row],[State]]) -> 396045 | AF28: =(Table4[[#This Row],[EV_Sales]]/Table4[[#This Row],[Total Sales]]) -> 0.064910204 | AG28: =VLOOKUP(Table4[[#This Row],[State]],PRC!A28:L63,11, FALSE) -> 0.041295249 | AH28: =VLOOKUP(Table4[[#This Row],[State]],Table8[#All],12,FALSE) -> 0.015636284 | AI28: =VLOOKUP(Table4[[#This Row],[State]],Table8[#All],13,FALSE) -> 0.056931533 | AJ28: =(Table4[[#This Row],[EV_Sales]]/(SUM(Table4[EV_Sales]))) -> 0.19168622
A29: {=INDEX($F$3:$F$37, INT((ROW()-3)/6)+1)} -> Chhattisgarh | B29: 2-Wheelers | C29: 2024 | D29: =SUMIFS( electric_vehicle_sales_by_state[electric_vehicles_sold], electric_vehicle_sales_by_state[state], Table6[[#This Row],[State]], electric_vehicle_sales_by_state[vehicle_category], Table6[[#This Row],[Vehical-category]], electric_vehicle_sales_by_state[fiscal_year], Table6[[#This Row],[fiscal_year]] ) -> 27283 | F29: Maharashtra | G29: 2-Wheelers | H29: =SUMIFS( Table6[electric_vehicles_sold], Table6[State],Table7[[#This Row],[State]], Table6[Vehical-category], Table7[[#This Row],[Vehical-category]], Table6[fiscal_year], 2022 ) -> 41903 | I29: =SUMIFS( Table6[electric_vehicles_sold], Table6[State],Table7[[#This Row],[State]], Table6[Vehical-category], Table7[[#This Row],[Vehical-category]], Table6[fiscal_year], 2023 ) -> 138810 | J29: =SUMIFS( Table6[electric_vehicles_sold], Table6[State],Table7[[#This Row],[State]], Table6[Vehical-category], Table7[[#This Row],[Vehical-category]], Table6[fiscal_year], 2024 ) -> 183052 | K29: =SUMIFS(electric_vehicle_sales_by_state[total_vehicles_sold], electric_vehicle_sales_by_state[state],Table7[[#This Row],[State]],electric_vehicle_sales_by_state[vehicle_category],Table7[[#This Row],[Vehical-category]], electric_vehicle_sales_by_state[fiscal_year], 2024) -> 1817343 | L29: =(Table7[[#This Row],[EV_2024]]/(SUMIFS(electric_vehicle_sales_by_state[total_vehicles_sold],electric_vehicle_sales_by_state[state],Table7[[#This Row],[State]],electric_vehicle_sales_by_state[vehicle_category],Table7[[#This Row],[Vehical-category]],electric_vehicle_sales_by_state[fiscal_year], 2024))) -> 0.10072507 | M29: =IF(AND(Table7[[#This Row],[EV_2022]]>0, Table7[[#This Row],[EV_2024]]>0), ((Table7[[#This Row],[EV_2024]]/Table7[[#This Row],[EV_2022]])^(1/2) - 1), 0 ) -> 1.0900885 | N29: =IF(Table7[[#This Row],[EV_2024]]>0, (Table7[[#This Row],[EV_2024]] * ((1 + Table7[[#This Row],[CAGR]])^6)), 0 ) -> 15260282 | AC29: Odisha | AD29: =SUMIFS(electric_vehicle_sales_by_state[total_vehicles_sold],electric_vehicle_sales_by_state[state],Table4[[#This Row],[State]]) -> 1688794 | AE29: =SUMIFS(electric_vehicle_sales_by_state[electric_vehicles_sold],electric_vehicle_sales_by_state[state],Table4[[#This Row],[State]]) -> 78267 | AF29: =(Table4[[#This Row],[EV_Sales]]/Table4[[#This Row],[Total Sales]]) -> 0.046344906 | AG29: =VLOOKUP(Table4[[#This Row],[State]],PRC!A29:L64,11, FALSE) -> 0.030353863 | AH29: =VLOOKUP(Table4[[#This Row],[State]],Table8[#All],12,FALSE) -> 0.013121596 | AI29: =VLOOKUP(Table4[[#This Row],[State]],Table8[#All],13,FALSE) -> 0.043475459 | AJ29: =(Table4[[#This Row],[EV_Sales]]/(SUM(Table4[EV_Sales]))) -> 0.037881314
... A36: {=INDEX($F$3:$F$37, INT((ROW()-3)/6)+1)} -> DNH and DD | B36: 4-Wheelers | C36: 2022 | D36: =SUMIFS( electric_vehicle_sales_by_state[electric_vehicles_sold], electric_vehicle_sales_by_state[state], Table6[[#This Row],[State]], electric_vehicle_sales_by_state[vehicle_category], Table6[[#This Row],[Vehical-category]], electric_vehicle_sales_by_state[fiscal_year], Table6[[#This Row],[fiscal_year]] ) -> 5 | F36: West Bengal | G36: 2-Wheelers | H36: =SUMIFS( Table6[electric_vehicles_sold], Table6[State],Table7[[#This Row],[State]], Table6[Vehical-category], Table7[[#This Row],[Vehical-category]], Table6[fiscal_year], 2022 ) -> 2267 | I36: =SUMIFS( Table6[electric_vehicles_sold], Table6[State],Table7[[#This Row],[State]], Table6[Vehical-category], Table7[[#This Row],[Vehical-category]], Table6[fiscal_year], 2023 ) -> 9580 | J36: =SUMIFS( Table6[electric_vehicles_sold], Table6[State],Table7[[#This Row],[State]], Table6[Vehical-category], Table7[[#This Row],[Vehical-category]], Table6[fiscal_year], 2024 ) -> 14016 | K36: =SUMIFS(electric_vehicle_sales_by_state[total_vehicles_sold], electric_vehicle_sales_by_state[state],Table7[[#This Row],[State]],electric_vehicle_sales_by_state[vehicle_category],Table7[[#This Row],[Vehical-category]], electric_vehicle_sales_by_state[fiscal_year], 2024) -> 855595 | L36: =(Table7[[#This Row],[EV_2024]]/(SUMIFS(electric_vehicle_sales_by_state[total_vehicles_sold],electric_vehicle_sales_by_state[state],Table7[[#This Row],[State]],electric_vehicle_sales_by_state[vehicle_category],Table7[[#This Row],[Vehical-category]],electric_vehicle_sales_by_state[fiscal_year], 2024))) -> 0.016381582 | M36: =IF(AND(Table7[[#This Row],[EV_2022]]>0, Table7[[#This Row],[EV_2024]]>0), ((Table7[[#This Row],[EV_2024]]/Table7[[#This Row],[EV_2022]])^(1/2) - 1), 0 ) -> 1.4864875 | N36: =IF(Table7[[#This Row],[EV_2024]]>0, (Table7[[#This Row],[EV_2024]] * ((1 + Table7[[#This Row],[CAGR]])^6)), 0 ) -> 3312392.5 | AC36: Andaman & Nicobar | AD36: =SUMIFS(electric_vehicle_sales_by_state[total_vehicles_sold],electric_vehicle_sales_by_state[state],Table4[[#This Row],[State]]) -> 660 | AE36: =SUMIFS(electric_vehicle_sales_by_state[electric_vehicles_sold],electric_vehicle_sales_by_state[state],Table4[[#This Row],[State]]) -> 2 | AF36: =(Table4[[#This Row],[EV_Sales]]/Table4[[#This Row],[Total Sales]]) -> 0.003030303 | AG36: =VLOOKUP(Table4[[#This Row],[State]],PRC!A36:L71,11, FALSE) -> 0 | AH36: =VLOOKUP(Table4[[#This Row],[State]],Table8[#All],12,FALSE) -> 0.003030303 | AI36: =VLOOKUP(Table4[[#This Row],[State]],Table8[#All],13,FALSE) -> 0.003030303 | AJ36: =(Table4[[#This Row],[EV_Sales]]/(SUM(Table4[EV_Sales]))) -> 9.680022e-07
A37: {=INDEX($F$3:$F$37, INT((ROW()-3)/6)+1)} -> DNH and DD | B37: 4-Wheelers | C37: 2023 | D37: =SUMIFS( electric_vehicle_sales_by_state[electric_vehicles_sold], electric_vehicle_sales_by_state[state], Table6[[#This Row],[State]], electric_vehicle_sales_by_state[vehicle_category], Table6[[#This Row],[Vehical-category]], electric_vehicle_sales_by_state[fiscal_year], Table6[[#This Row],[fiscal_year]] ) -> 20 | F37: Andaman & Nicobar | G37: 2-Wheelers | H37: =SUMIFS( Table6[electric_vehicles_sold], Table6[State],Table7[[#This Row],[State]], Table6[Vehical-category], Table7[[#This Row],[Vehical-category]], Table6[fiscal_year], 2022 ) -> 0 | I37: =SUMIFS( Table6[electric_vehicles_sold], Table6[State],Table7[[#This Row],[State]], Table6[Vehical-category], Table7[[#This Row],[Vehical-category]], Table6[fiscal_year], 2023 ) -> 0 | J37: =SUMIFS( Table6[electric_vehicles_sold], Table6[State],Table7[[#This Row],[State]], Table6[Vehical-category], Table7[[#This Row],[Vehical-category]], Table6[fiscal_year], 2024 ) -> 2 | K37: =SUMIFS(electric_vehicle_sales_by_state[total_vehicles_sold], electric_vehicle_sales_by_state[state],Table7[[#This Row],[State]],electric_vehicle_sales_by_state[vehicle_category],Table7[[#This Row],[Vehical-category]], electric_vehicle_sales_by_state[fiscal_year], 2024) -> 483 | L37: =(Table7[[#This Row],[EV_2024]]/(SUMIFS(electric_vehicle_sales_by_state[total_vehicles_sold],electric_vehicle_sales_by_state[state],Table7[[#This Row],[State]],electric_vehicle_sales_by_state[vehicle_category],Table7[[#This Row],[Vehical-category]],electric_vehicle_sales_by_state[fiscal_year], 2024))) -> 0.0041407867 | M37: =IF(AND(Table7[[#This Row],[EV_2022]]>0, Table7[[#This Row],[EV_2024]]>0), ((Table7[[#This Row],[EV_2024]]/Table7[[#This Row],[EV_2022]])^(1/2) - 1), 0 ) -> 0 | N37: =IF(Table7[[#This Row],[EV_2024]]>0, (Table7[[#This Row],[EV_2024]] * ((1 + Table7[[#This Row],[CAGR]])^6)), 0 ) -> 2
A38: {=INDEX($F$3:$F$37, INT((ROW()-3)/6)+1)} -> DNH and DD | B38: 4-Wheelers | C38: 2024 | D38: =SUMIFS( electric_vehicle_sales_by_state[electric_vehicles_sold], electric_vehicle_sales_by_state[state], Table6[[#This Row],[State]], electric_vehicle_sales_by_state[vehicle_category], Table6[[#This Row],[Vehical-category]], electric_vehicle_sales_by_state[fiscal_year], Table6[[#This Row],[fiscal_year]] ) -> 49 | F38: Sikkim | G38: 4-Wheelers | H38: =SUMIFS( Table6[electric_vehicles_sold], Table6[State],Table7[[#This Row],[State]], Table6[Vehical-category], Table7[[#This Row],[Vehical-category]], Table6[fiscal_year], 2022 ) -> 0 | I38: =SUMIFS( Table6[electric_vehicles_sold], Table6[State],Table7[[#This Row],[State]], Table6[Vehical-category], Table7[[#This Row],[Vehical-category]], Table6[fiscal_year], 2023 ) -> 0 | J38: =SUMIFS( Table6[electric_vehicles_sold], Table6[State],Table7[[#This Row],[State]], Table6[Vehical-category], Table7[[#This Row],[Vehical-category]], Table6[fiscal_year], 2024 ) -> 0 | K38: =SUMIFS(electric_vehicle_sales_by_state[total_vehicles_sold], electric_vehicle_sales_by_state[state],Table7[[#This Row],[State]],electric_vehicle_sales_by_state[vehicle_category],Table7[[#This Row],[Vehical-category]], electric_vehicle_sales_by_state[fiscal_year], 2024) -> 5046 | L38: =(Table7[[#This Row],[EV_2024]]/(SUMIFS(electric_vehicle_sales_by_state[total_vehicles_sold],electric_vehicle_sales_by_state[state],Table7[[#This Row],[State]],electric_vehicle_sales_by_state[vehicle_category],Table7[[#This Row],[Vehical-category]],electric_vehicle_sales_by_state[fiscal_year], 2024))) -> 0 | M38: =IF(AND(Table7[[#This Row],[EV_2022]]>0, Table7[[#This Row],[EV_2024]]>0), ((Table7[[#This Row],[EV_2024]]/Table7[[#This Row],[EV_2022]])^(1/2) - 1), 0 ) -> 0 | N38: =IF(Table7[[#This Row],[EV_2024]]>0, (Table7[[#This Row],[EV_2024]] * ((1 + Table7[[#This Row],[CAGR]])^6)), 0 ) -> 0
A39: {=INDEX($F$3:$F$37, INT((ROW()-3)/6)+1)} -> Jammu and Kashmir | B39: 2-Wheelers | C39: 2022 | D39: =SUMIFS( electric_vehicle_sales_by_state[electric_vehicles_sold], electric_vehicle_sales_by_state[state], Table6[[#This Row],[State]], electric_vehicle_sales_by_state[vehicle_category], Table6[[#This Row],[Vehical-category]], electric_vehicle_sales_by_state[fiscal_year], Table6[[#This Row],[fiscal_year]] ) -> 1418 | F39: Andaman & Nicobar Island | G39: 4-Wheelers | H39: =SUMIFS( Table6[electric_vehicles_sold], Table6[State],Table7[[#This Row],[State]], Table6[Vehical-category], Table7[[#This Row],[Vehical-category]], Table6[fiscal_year], 2022 ) -> 22 | I39: =SUMIFS( Table6[electric_vehicles_sold], Table6[State],Table7[[#This Row],[State]], Table6[Vehical-category], Table7[[#This Row],[Vehical-category]], Table6[fiscal_year], 2023 ) -> 6 | J39: =SUMIFS( Table6[electric_vehicles_sold], Table6[State],Table7[[#This Row],[State]], Table6[Vehical-category], Table7[[#This Row],[Vehical-category]], Table6[fiscal_year], 2024 ) -> 15 | K39: =SUMIFS(electric_vehicle_sales_by_state[total_vehicles_sold], electric_vehicle_sales_by_state[state],Table7[[#This Row],[State]],electric_vehicle_sales_by_state[vehicle_category],Table7[[#This Row],[Vehical-category]], electric_vehicle_sales_by_state[fiscal_year], 2024) -> 1777 | L39: =(Table7[[#This Row],[EV_2024]]/(SUMIFS(electric_vehicle_sales_by_state[total_vehicles_sold],electric_vehicle_sales_by_state[state],Table7[[#This Row],[State]],electric_vehicle_sales_by_state[vehicle_category],Table7[[#This Row],[Vehical-category]],electric_vehicle_sales_by_state[fiscal_year], 2024))) -> 0.008441193 | M39: =IF(AND(Table7[[#This Row],[EV_2022]]>0, Table7[[#This Row],[EV_2024]]>0), ((Table7[[#This Row],[EV_2024]]/Table7[[#This Row],[EV_2022]])^(1/2) - 1), 0 ) -> -0.17427718 | N39: =IF(Table7[[#This Row],[EV_2024]]>0, (Table7[[#This Row],[EV_2024]] * ((1 + Table7[[#This Row],[CAGR]])^6)), 0 ) -> 4.754414
A40: {=INDEX($F$3:$F$37, INT((ROW()-3)/6)+1)} -> Jammu and Kashmir | B40: 2-Wheelers | C40: 2023 | D40: =SUMIFS( electric_vehicle_sales_by_state[electric_vehicles_sold], electric_vehicle_sales_by_state[state], Table6[[#This Row],[State]], electric_vehicle_sales_by_state[vehicle_category], Table6[[#This Row],[Vehical-category]], electric_vehicle_sales_by_state[fiscal_year], Table6[[#This Row],[fiscal_year]] ) -> 2188 | F40: Arunachal Pradesh | G40: 4-Wheelers | H40: =SUMIFS( Table6[electric_vehicles_sold], Table6[State],Table7[[#This Row],[State]], Table6[Vehical-category], Table7[[#This Row],[Vehical-category]], Table6[fiscal_year], 2022 ) -> 0 | I40: =SUMIFS( Table6[electric_vehicles_sold], Table6[State],Table7[[#This Row],[State]], Table6[Vehical-category], Table7[[#This Row],[Vehical-category]], Table6[fiscal_year], 2023 ) -> 1 | J40: =SUMIFS( Table6[electric_vehicles_sold], Table6[State],Table7[[#This Row],[State]], Table6[Vehical-category], Table7[[#This Row],[Vehical-category]], Table6[fiscal_year], 2024 ) -> 28 | K40: =SUMIFS(electric_vehicle_sales_by_state[total_vehicles_sold], electric_vehicle_sales_by_state[state],Table7[[#This Row],[State]],electric_vehicle_sales_by_state[vehicle_category],Table7[[#This Row],[Vehical-category]], electric_vehicle_sales_by_state[fiscal_year], 2024) -> 13219 | L40: =(Table7[[#This Row],[EV_2024]]/(SUMIFS(electric_vehicle_sales_by_state[total_vehicles_sold],electric_vehicle_sales_by_state[state],Table7[[#This Row],[State]],electric_vehicle_sales_by_state[vehicle_category],Table7[[#This Row],[Vehical-category]],electric_vehicle_sales_by_state[fiscal_year], 2024))) -> 0.0021181632 | M40: =IF(AND(Table7[[#This Row],[EV_2022]]>0, Table7[[#This Row],[EV_2024]]>0), ((Table7[[#This Row],[EV_2024]]/Table7[[#This Row],[EV_2022]])^(1/2) - 1), 0 ) -> 0 | N40: =IF(Table7[[#This Row],[EV_2024]]>0, (Table7[[#This Row],[EV_2024]] * ((1 + Table7[[#This Row],[CAGR]])^6)), 0 ) -> 28
A41: {=INDEX($F$3:$F$37, INT((ROW()-3)/6)+1)} -> Jammu and Kashmir | B41: 2-Wheelers | C41: 2024 | D41: =SUMIFS( electric_vehicle_sales_by_state[electric_vehicles_sold], electric_vehicle_sales_by_state[state], Table6[[#This Row],[State]], electric_vehicle_sales_by_state[vehicle_category], Table6[[#This Row],[Vehical-category]], electric_vehicle_sales_by_state[fiscal_year], Table6[[#This Row],[fiscal_year]] ) -> 2117 | F41: Assam | G41: 4-Wheelers | H41: =SUMIFS( Table6[electric_vehicles_sold], Table6[State],Table7[[#This Row],[State]], Table6[Vehical-category], Table7[[#This Row],[Vehical-category]], Table6[fiscal_year], 2022 ) -> 11 | I41: =SUMIFS( Table6[electric_vehicles_sold], Table6[State],Table7[[#This Row],[State]], Table6[Vehical-category], Table7[[#This Row],[Vehical-category]], Table6[fiscal_year], 2023 ) -> 115 | J41: =SUMIFS( Table6[electric_vehicles_sold], Table6[State],Table7[[#This Row],[State]], Table6[Vehical-category], Table7[[#This Row],[Vehical-category]], Table6[fiscal_year], 2024 ) -> 329 | K41: =SUMIFS(electric_vehicle_sales_by_state[total_vehicles_sold], electric_vehicle_sales_by_state[state],Table7[[#This Row],[State]],electric_vehicle_sales_by_state[vehicle_category],Table7[[#This Row],[Vehical-category]], electric_vehicle_sales_by_state[fiscal_year], 2024) -> 90900 | L41: =(Table7[[#This Row],[EV_2024]]/(SUMIFS(electric_vehicle_sales_by_state[total_vehicles_sold],electric_vehicle_sales_by_state[state],Table7[[#This Row],[State]],electric_vehicle_sales_by_state[vehicle_category],Table7[[#This Row],[Vehical-category]],electric_vehicle_sales_by_state[fiscal_year], 2024))) -> 0.0036193619 | M41: =IF(AND(Table7[[#This Row],[EV_2022]]>0, Table7[[#This Row],[EV_2024]]>0), ((Table7[[#This Row],[EV_2024]]/Table7[[#This Row],[EV_2022]])^(1/2) - 1), 0 ) -> 4.4689205 | N41: =IF(Table7[[#This Row],[EV_2024]]>0, (Table7[[#This Row],[EV_2024]] * ((1 + Table7[[#This Row],[CAGR]])^6)), 0 ) -> 8802489.9
A42: {=INDEX($F$3:$F$37, INT((ROW()-3)/6)+1)} -> Jammu and Kashmir | B42: 4-Wheelers | C42: 2022 | D42: =SUMIFS( electric_vehicle_sales_by_state[electric_vehicles_sold], electric_vehicle_sales_by_state[state], Table6[[#This Row],[State]], electric_vehicle_sales_by_state[vehicle_category], Table6[[#This Row],[Vehical-category]], electric_vehicle_sales_by_state[fiscal_year], Table6[[#This Row],[fiscal_year]] ) -> 16 | F42: Chhattisgarh | G42: 4-Wheelers | H42: =SUMIFS( Table6[electric_vehicles_sold], Table6[State],Table7[[#This Row],[State]], Table6[Vehical-category], Table7[[#This Row],[Vehical-category]], Table6[fiscal_year], 2022 ) -> 120 | I42: =SUMIFS( Table6[electric_vehicles_sold], Table6[State],Table7[[#This Row],[State]], Table6[Vehical-category], Table7[[#This Row],[Vehical-category]], Table6[fiscal_year], 2023 ) -> 538 | J42: =SUMIFS( Table6[electric_vehicles_sold], Table6[State],Table7[[#This Row],[State]], Table6[Vehical-category], Table7[[#This Row],[Vehical-category]], Table6[fiscal_year], 2024 ) -> 1257 | K42: =SUMIFS(electric_vehicle_sales_by_state[total_vehicles_sold], electric_vehicle_sales_by_state[state],Table7[[#This Row],[State]],electric_vehicle_sales_by_state[vehicle_category],Table7[[#This Row],[Vehical-category]], electric_vehicle_sales_by_state[fiscal_year], 2024) -> 51982 | L42: =(Table7[[#This Row],[EV_2024]]/(SUMIFS(electric_vehicle_sales_by_state[total_vehicles_sold],electric_vehicle_sales_by_state[state],Table7[[#This Row],[State]],electric_vehicle_sales_by_state[vehicle_category],Table7[[#This Row],[Vehical-category]],electric_vehicle_sales_by_state[fiscal_year], 2024))) -> 0.024181447 | M42: =IF(AND(Table7[[#This Row],[EV_2022]]>0, Table7[[#This Row],[EV_2024]]>0), ((Table7[[#This Row],[EV_2024]]/Table7[[#This Row],[EV_2022]])^(1/2) - 1), 0 ) -> 2.2365105 | N42: =IF(Table7[[#This Row],[EV_2024]]>0, (Table7[[#This Row],[EV_2024]] * ((1 + Table7[[#This Row],[CAGR]])^6)), 0 ) -> 1444765.5
A43: {=INDEX($F$3:$F$37, INT((ROW()-3)/6)+1)} -> Jammu and Kashmir | B43: 4-Wheelers | C43: 2023 | D43: =SUMIFS( electric_vehicle_sales_by_state[electric_vehicles_sold], electric_vehicle_sales_by_state[state], Table6[[#This Row],[State]], electric_vehicle_sales_by_state[vehicle_category], Table6[[#This Row],[Vehical-category]], electric_vehicle_sales_by_state[fiscal_year], Table6[[#This Row],[fiscal_year]] ) -> 66 | F43: DNH and DD | G43: 4-Wheelers | H43: =SUMIFS( Table6[electric_vehicles_sold], Table6[State],Table7[[#This Row],[State]], Table6[Vehical-category], Table7[[#This Row],[Vehical-category]], Table6[fiscal_year], 2022 ) -> 5 | I43: =SUMIFS( Table6[electric_vehicles_sold], Table6[State],Table7[[#This Row],[State]], Table6[Vehical-category], Table7[[#This Row],[Vehical-category]], Table6[fiscal_year], 2023 ) -> 20 | J43: =SUMIFS( Table6[electric_vehicles_sold], Table6[State],Table7[[#This Row],[State]], Table6[Vehical-category], Table7[[#This Row],[Vehical-category]], Table6[fiscal_year], 2024 ) -> 49 | K43: =SUMIFS(electric_vehicle_sales_by_state[total_vehicles_sold], electric_vehicle_sales_by_state[state],Table7[[#This Row],[State]],electric_vehicle_sales_by_state[vehicle_category],Table7[[#This Row],[Vehical-category]], electric_vehicle_sales_by_state[fiscal_year], 2024) -> 5507 | L43: =(Table7[[#This Row],[EV_2024]]/(SUMIFS(electric_vehicle_sales_by_state[total_vehicles_sold],electric_vehicle_sales_by_state[state],Table7[[#This Row],[State]],electric_vehicle_sales_by_state[vehicle_category],Table7[[#This Row],[Vehical-category]],electric_vehicle_sales_by_state[fiscal_year], 2024))) -> 0.0088977665 | M43: =IF(AND(Table7[[#This Row],[EV_2022]]>0, Table7[[#This Row],[EV_2024]]>0), ((Table7[[#This Row],[EV_2024]]/Table7[[#This Row],[EV_2022]])^(1/2) - 1), 0 ) -> 2.1304952 | N43: =IF(Table7[[#This Row],[EV_2024]]>0, (Table7[[#This Row],[EV_2024]] * ((1 + Table7[[#This Row],[CAGR]])^6)), 0 ) -> 46118.408
A44: {=INDEX($F$3:$F$37, INT((ROW()-3)/6)+1)} -> Jammu and Kashmir | B44: 4-Wheelers | C44: 2024 | D44: =SUMIFS( electric_vehicle_sales_by_state[electric_vehicles_sold], electric_vehicle_sales_by_state[state], Table6[[#This Row],[State]], electric_vehicle_sales_by_state[vehicle_category], Table6[[#This Row],[Vehical-category]], electric_vehicle_sales_by_state[fiscal_year], Table6[[#This Row],[fiscal_year]] ) -> 166 | F44: Jammu and Kashmir | G44: 4-Wheelers | H44: =SUMIFS( Table6[electric_vehicles_sold], Table6[State],Table7[[#This Row],[State]], Table6[Vehical-category], Table7[[#This Row],[Vehical-category]], Table6[fiscal_year], 2022 ) -> 16 | I44: =SUMIFS( Table6[electric_vehicles_sold], Table6[State],Table7[[#This Row],[State]], Table6[Vehical-category], Table7[[#This Row],[Vehical-category]], Table6[fiscal_year], 2023 ) -> 66 | J44: =SUMIFS( Table6[electric_vehicles_sold], Table6[State],Table7[[#This Row],[State]], Table6[Vehical-category], Table7[[#This Row],[Vehical-category]], Table6[fiscal_year], 2024 ) -> 166 | K44: =SUMIFS(electric_vehicle_sales_by_state[total_vehicles_sold], electric_vehicle_sales_by_state[state],Table7[[#This Row],[State]],electric_vehicle_sales_by_state[vehicle_category],Table7[[#This Row],[Vehical-category]], electric_vehicle_sales_by_state[fiscal_year], 2024) -> 55058 | L44: =(Table7[[#This Row],[EV_2024]]/(SUMIFS(electric_vehicle_sales_by_state[total_vehicles_sold],electric_vehicle_sales_by_state[state],Table7[[#This Row],[State]],electric_vehicle_sales_by_state[vehicle_category],Table7[[#This Row],[Vehical-category]],electric_vehicle_sales_by_state[fiscal_year], 2024))) -> 0.0030150024 | M44: =IF(AND(Table7[[#This Row],[EV_2022]]>0, Table7[[#This Row],[EV_2024]]>0), ((Table7[[#This Row],[EV_2024]]/Table7[[#This Row],[EV_2022]])^(1/2) - 1), 0 ) -> 2.2210247 | N44: =IF(Table7[[#This Row],[EV_2024]]>0, (Table7[[#This Row],[EV_2024]] * ((1 + Table7[[#This Row],[CAGR]])^6)), 0 ) -> 185384.07
A45: {=INDEX($F$3:$F$37, INT((ROW()-3)/6)+1)} -> Ladakh | B45: 2-Wheelers | C45: 2022 | D45: =SUMIFS( electric_vehicle_sales_by_state[electric_vehicles_sold], electric_vehicle_sales_by_state[state], Table6[[#This Row],[State]], electric_vehicle_sales_by_state[vehicle_category], Table6[[#This Row],[Vehical-category]], electric_vehicle_sales_by_state[fiscal_year], Table6[[#This Row],[fiscal_year]] ) -> 12 | F45: Ladakh | G45: 4-Wheelers | H45: =SUMIFS( Table6[electric_vehicles_sold], Table6[State],Table7[[#This Row],[State]], Table6[Vehical-category], Table7[[#This Row],[Vehical-category]], Table6[fiscal_year], 2022 ) -> 0 | I45: =SUMIFS( Table6[electric_vehicles_sold], Table6[State],Table7[[#This Row],[State]], Table6[Vehical-category], Table7[[#This Row],[Vehical-category]], Table6[fiscal_year], 2023 ) -> 10 | J45: =SUMIFS( Table6[electric_vehicles_sold], Table6[State],Table7[[#This Row],[State]], Table6[Vehical-category], Table7[[#This Row],[Vehical-category]], Table6[fiscal_year], 2024 ) -> 0 | K45: =SUMIFS(electric_vehicle_sales_by_state[total_vehicles_sold], electric_vehicle_sales_by_state[state],Table7[[#This Row],[State]],electric_vehicle_sales_by_state[vehicle_category],Table7[[#This Row],[Vehical-category]], electric_vehicle_sales_by_state[fiscal_year], 2024) -> 2443 | L45: =(Table7[[#This Row],[EV_2024]]/(SUMIFS(electric_vehicle_sales_by_state[total_vehicles_sold],electric_vehicle_sales_by_state[state],Table7[[#This Row],[State]],electric_vehicle_sales_by_state[vehicle_category],Table7[[#This Row],[Vehical-category]],electric_vehicle_sales_by_state[fiscal_year], 2024))) -> 0 | M45: =IF(AND(Table7[[#This Row],[EV_2022]]>0, Table7[[#This Row],[EV_2024]]>0), ((Table7[[#This Row],[EV_2024]]/Table7[[#This Row],[EV_2022]])^(1/2) - 1), 0 ) -> 0 | N45: =IF(Table7[[#This Row],[EV_2024]]>0, (Table7[[#This Row],[EV_2024]] * ((1 + Table7[[#This Row],[CAGR]])^6)), 0 ) -> 0
A46: {=INDEX($F$3:$F$37, INT((ROW()-3)/6)+1)} -> Ladakh | B46: 2-Wheelers | C46: 2023 | D46: =SUMIFS( electric_vehicle_sales_by_state[electric_vehicles_sold], electric_vehicle_sales_by_state[state], Table6[[#This Row],[State]], electric_vehicle_sales_by_state[vehicle_category], Table6[[#This Row],[Vehical-category]], electric_vehicle_sales_by_state[fiscal_year], Table6[[#This Row],[fiscal_year]] ) -> 15 | F46: Manipur | G46: 4-Wheelers | H46: =SUMIFS( Table6[electric_vehicles_sold], Table6[State],Table7[[#This Row],[State]], Table6[Vehical-category], Table7[[#This Row],[Vehical-category]], Table6[fiscal_year], 2022 ) -> 0 | I46: =SUMIFS( Table6[electric_vehicles_sold], Table6[State],Table7[[#This Row],[State]], Table6[Vehical-category], Table7[[#This Row],[Vehical-category]], Table6[fiscal_year], 2023 ) -> 9 | J46: =SUMIFS( Table6[electric_vehicles_sold], Table6[State],Table7[[#This Row],[State]], Table6[Vehical-category], Table7[[#This Row],[Vehical-category]], Table6[fiscal_year], 2024 ) -> 38 | K46: =SUMIFS(electric_vehicle_sales_by_state[total_vehicles_sold], electric_vehicle_sales_by_state[state],Table7[[#This Row],[State]],electric_vehicle_sales_by_state[vehicle_category],Table7[[#This Row],[Vehical-category]], electric_vehicle_sales_by_state[fiscal_year], 2024) -> 4242 | L46: =(Table7[[#This Row],[EV_2024]]/(SUMIFS(electric_vehicle_sales_by_state[total_vehicles_sold],electric_vehicle_sales_by_state[state],Table7[[#This Row],[State]],electric_vehicle_sales_by_state[vehicle_category],Table7[[#This Row],[Vehical-category]],electric_vehicle_sales_by_state[fiscal_year], 2024))) -> 0.0089580387 | M46: =IF(AND(Table7[[#This Row],[EV_2022]]>0, Table7[[#This Row],[EV_2024]]>0), ((Table7[[#This Row],[EV_2024]]/Table7[[#This Row],[EV_2022]])^(1/2) - 1), 0 ) -> 0 | N46: =IF(Table7[[#This Row],[EV_2024]]>0, (Table7[[#This Row],[EV_2024]] * ((1 + Table7[[#This Row],[CAGR]])^6)), 0 ) -> 38
A47: {=INDEX($F$3:$F$37, INT((ROW()-3)/6)+1)} -> Ladakh | B47: 2-Wheelers | C47: 2024 | D47: =SUMIFS( electric_vehicle_sales_by_state[electric_vehicles_sold], electric_vehicle_sales_by_state[state], Table6[[#This Row],[State]], electric_vehicle_sales_by_state[vehicle_category], Table6[[#This Row],[Vehical-category]], electric_vehicle_sales_by_state[fiscal_year], Table6[[#This Row],[fiscal_year]] ) -> 31 | F47: Meghalaya | G47: 4-Wheelers | H47: =SUMIFS( Table6[electric_vehicles_sold], Table6[State],Table7[[#This Row],[State]], Table6[Vehical-category], Table7[[#This Row],[Vehical-category]], Table6[fiscal_year], 2022 ) -> 4 | I47: =SUMIFS( Table6[electric_vehicles_sold], Table6[State],Table7[[#This Row],[State]], Table6[Vehical-category], Table7[[#This Row],[Vehical-category]], Table6[fiscal_year], 2023 ) -> 11 | J47: =SUMIFS( Table6[electric_vehicles_sold], Table6[State],Table7[[#This Row],[State]], Table6[Vehical-category], Table7[[#This Row],[Vehical-category]], Table6[fiscal_year], 2024 ) -> 27 | K47: =SUMIFS(electric_vehicle_sales_by_state[total_vehicles_sold], electric_vehicle_sales_by_state[state],Table7[[#This Row],[State]],electric_vehicle_sales_by_state[vehicle_category],Table7[[#This Row],[Vehical-category]], electric_vehicle_sales_by_state[fiscal_year], 2024) -> 14146 | L47: =(Table7[[#This Row],[EV_2024]]/(SUMIFS(electric_vehicle_sales_by_state[total_vehicles_sold],electric_vehicle_sales_by_state[state],Table7[[#This Row],[State]],electric_vehicle_sales_by_state[vehicle_category],Table7[[#This Row],[Vehical-category]],electric_vehicle_sales_by_state[fiscal_year], 2024))) -> 0.0019086668 | M47: =IF(AND(Table7[[#This Row],[EV_2022]]>0, Table7[[#This Row],[EV_2024]]>0), ((Table7[[#This Row],[EV_2024]]/Table7[[#This Row],[EV_2022]])^(1/2) - 1), 0 ) -> 1.5980762 | N47: =IF(Table7[[#This Row],[EV_2024]]>0, (Table7[[#This Row],[EV_2024]] * ((1 + Table7[[#This Row],[CAGR]])^6)), 0 ) -> 8303.7656
A48: {=INDEX($F$3:$F$37, INT((ROW()-3)/6)+1)} -> Ladakh | B48: 4-Wheelers | C48: 2022 | D48: =SUMIFS( electric_vehicle_sales_by_state[electric_vehicles_sold], electric_vehicle_sales_by_state[state], Table6[[#This Row],[State]], electric_vehicle_sales_by_state[vehicle_category], Table6[[#This Row],[Vehical-category]], electric_vehicle_sales_by_state[fiscal_year], Table6[[#This Row],[fiscal_year]] ) -> 0 | F48: Mizoram | G48: 4-Wheelers | H48: =SUMIFS( Table6[electric_vehicles_sold], Table6[State],Table7[[#This Row],[State]], Table6[Vehical-category], Table7[[#This Row],[Vehical-category]], Table6[fiscal_year], 2022 ) -> 0 | I48: =SUMIFS( Table6[electric_vehicles_sold], Table6[State],Table7[[#This Row],[State]], Table6[Vehical-category], Table7[[#This Row],[Vehical-category]], Table6[fiscal_year], 2023 ) -> 0 | J48: =SUMIFS( Table6[electric_vehicles_sold], Table6[State],Table7[[#This Row],[State]], Table6[Vehical-category], Table7[[#This Row],[Vehical-category]], Table6[fiscal_year], 2024 ) -> 1 | K48: =SUMIFS(electric_vehicle_sales_by_state[total_vehicles_sold], electric_vehicle_sales_by_state[state],Table7[[#This Row],[State]],electric_vehicle_sales_by_state[vehicle_category],Table7[[#This Row],[Vehical-category]], electric_vehicle_sales_by_state[fiscal_year], 2024) -> 5387 | L48: =(Table7[[#This Row],[EV_2024]]/(SUMIFS(electric_vehicle_sales_by_state[total_vehicles_sold],electric_vehicle_sales_by_state[state],Table7[[#This Row],[State]],electric_vehicle_sales_by_state[vehicle_category],Table7[[#This Row],[Vehical-category]],electric_vehicle_sales_by_state[fiscal_year], 2024))) -> 0.00018563208 | M48: =IF(AND(Table7[[#This Row],[EV_2022]]>0, Table7[[#This Row],[EV_2024]]>0), ((Table7[[#This Row],[EV_2024]]/Table7[[#This Row],[EV_2022]])^(1/2) - 1), 0 ) -> 0 | N48: =IF(Table7[[#This Row],[EV_2024]]>0, (Table7[[#This Row],[EV_2024]] * ((1 + Table7[[#This Row],[CAGR]])^6)), 0 ) -> 1
... A72: {=INDEX($F$3:$F$37, INT((ROW()-3)/6)+1)} -> Nagaland | B72: 4-Wheelers | C72: 2022 | D72: =SUMIFS( electric_vehicle_sales_by_state[electric_vehicles_sold], electric_vehicle_sales_by_state[state], Table6[[#This Row],[State]], electric_vehicle_sales_by_state[vehicle_category], Table6[[#This Row],[Vehical-category]], electric_vehicle_sales_by_state[fiscal_year], Table6[[#This Row],[fiscal_year]] ) -> 0 | F72: Andaman & Nicobar | G72: 4-Wheelers | H72: =SUMIFS( Table6[electric_vehicles_sold], Table6[State],Table7[[#This Row],[State]], Table6[Vehical-category], Table7[[#This Row],[Vehical-category]], Table6[fiscal_year], 2022 ) -> 0 | I72: =SUMIFS( Table6[electric_vehicles_sold], Table6[State],Table7[[#This Row],[State]], Table6[Vehical-category], Table7[[#This Row],[Vehical-category]], Table6[fiscal_year], 2023 ) -> 0 | J72: =SUMIFS( Table6[electric_vehicles_sold], Table6[State],Table7[[#This Row],[State]], Table6[Vehical-category], Table7[[#This Row],[Vehical-category]], Table6[fiscal_year], 2024 ) -> 0 | K72: =SUMIFS(electric_vehicle_sales_by_state[total_vehicles_sold], electric_vehicle_sales_by_state[state],Table7[[#This Row],[State]],electric_vehicle_sales_by_state[vehicle_category],Table7[[#This Row],[Vehical-category]], electric_vehicle_sales_by_state[fiscal_year], 2024) -> 177 | L72: =(Table7[[#This Row],[EV_2024]]/(SUMIFS(electric_vehicle_sales_by_state[total_vehicles_sold],electric_vehicle_sales_by_state[state],Table7[[#This Row],[State]],electric_vehicle_sales_by_state[vehicle_category],Table7[[#This Row],[Vehical-category]],electric_vehicle_sales_by_state[fiscal_year], 2024))) -> 0 | M72: =IF(AND(Table7[[#This Row],[EV_2022]]>0, Table7[[#This Row],[EV_2024]]>0), ((Table7[[#This Row],[EV_2024]]/Table7[[#This Row],[EV_2022]])^(1/2) - 1), 0 ) -> 0 | N72: =IF(Table7[[#This Row],[EV_2024]]>0, (Table7[[#This Row],[EV_2024]] * ((1 + Table7[[#This Row],[CAGR]])^6)), 0 ) -> 0
A73: {=INDEX($F$3:$F$37, INT((ROW()-3)/6)+1)} -> Nagaland | B73: 4-Wheelers | C73: 2023 | D73: =SUMIFS( electric_vehicle_sales_by_state[electric_vehicles_sold], electric_vehicle_sales_by_state[state], Table6[[#This Row],[State]], electric_vehicle_sales_by_state[vehicle_category], Table6[[#This Row],[Vehical-category]], electric_vehicle_sales_by_state[fiscal_year], Table6[[#This Row],[fiscal_year]] ) -> 0
A74: {=INDEX($F$3:$F$37, INT((ROW()-3)/6)+1)} -> Nagaland | B74: 4-Wheelers | C74: 2024 | D74: =SUMIFS( electric_vehicle_sales_by_state[electric_vehicles_sold], electric_vehicle_sales_by_state[state], Table6[[#This Row],[State]], electric_vehicle_sales_by_state[vehicle_category], Table6[[#This Row],[Vehical-category]], electric_vehicle_sales_by_state[fiscal_year], Table6[[#This Row],[fiscal_year]] ) -> 4
A75: {=INDEX($F$3:$F$37, INT((ROW()-3)/6)+1)} -> Puducherry | B75: 2-Wheelers | C75: 2022 | D75: =SUMIFS( electric_vehicle_sales_by_state[electric_vehicles_sold], electric_vehicle_sales_by_state[state], Table6[[#This Row],[State]], electric_vehicle_sales_by_state[vehicle_category], Table6[[#This Row],[Vehical-category]], electric_vehicle_sales_by_state[fiscal_year], Table6[[#This Row],[fiscal_year]] ) -> 723
A76: {=INDEX($F$3:$F$37, INT((ROW()-3)/6)+1)} -> Puducherry | B76: 2-Wheelers | C76: 2023 | D76: =SUMIFS( electric_vehicle_sales_by_state[electric_vehicles_sold], electric_vehicle_sales_by_state[state], Table6[[#This Row],[State]], electric_vehicle_sales_by_state[vehicle_category], Table6[[#This Row],[Vehical-category]], electric_vehicle_sales_by_state[fiscal_year], Table6[[#This Row],[fiscal_year]] ) -> 1653
A77: {=INDEX($F$3:$F$37, INT((ROW()-3)/6)+1)} -> Puducherry | B77: 2-Wheelers | C77: 2024 | D77: =SUMIFS( electric_vehicle_sales_by_state[electric_vehicles_sold], electric_vehicle_sales_by_state[state], Table6[[#This Row],[State]], electric_vehicle_sales_by_state[vehicle_category], Table6[[#This Row],[Vehical-category]], electric_vehicle_sales_by_state[fiscal_year], Table6[[#This Row],[fiscal_year]] ) -> 2987
A78: {=INDEX($F$3:$F$37, INT((ROW()-3)/6)+1)} -> Puducherry | B78: 4-Wheelers | C78: 2022 | D78: =SUMIFS( electric_vehicle_sales_by_state[electric_vehicles_sold], electric_vehicle_sales_by_state[state], Table6[[#This Row],[State]], electric_vehicle_sales_by_state[vehicle_category], Table6[[#This Row],[Vehical-category]], electric_vehicle_sales_by_state[fiscal_year], Table6[[#This Row],[fiscal_year]] ) -> 11
A79: {=INDEX($F$3:$F$37, INT((ROW()-3)/6)+1)} -> Puducherry | B79: 4-Wheelers | C79: 2023 | D79: =SUMIFS( electric_vehicle_sales_by_state[electric_vehicles_sold], electric_vehicle_sales_by_state[state], Table6[[#This Row],[State]], electric_vehicle_sales_by_state[vehicle_category], Table6[[#This Row],[Vehical-category]], electric_vehicle_sales_by_state[fiscal_year], Table6[[#This Row],[fiscal_year]] ) -> 51
A80: {=INDEX($F$3:$F$37, INT((ROW()-3)/6)+1)} -> Puducherry | B80: 4-Wheelers | C80: 2024 | D80: =SUMIFS( electric_vehicle_sales_by_state[electric_vehicles_sold], electric_vehicle_sales_by_state[state], Table6[[#This Row],[State]], electric_vehicle_sales_by_state[vehicle_category], Table6[[#This Row],[Vehical-category]], electric_vehicle_sales_by_state[fiscal_year], Table6[[#This Row],[fiscal_year]] ) -> 111
A81: {=INDEX($F$3:$F$37, INT((ROW()-3)/6)+1)} -> Tripura | B81: 2-Wheelers | C81: 2022 | D81: =SUMIFS( electric_vehicle_sales_by_state[electric_vehicles_sold], electric_vehicle_sales_by_state[state], Table6[[#This Row],[State]], electric_vehicle_sales_by_state[vehicle_category], Table6[[#This Row],[Vehical-category]], electric_vehicle_sales_by_state[fiscal_year], Table6[[#This Row],[fiscal_year]] ) -> 28
A82: {=INDEX($F$3:$F$37, INT((ROW()-3)/6)+1)} -> Tripura | B82: 2-Wheelers | C82: 2023 | D82: =SUMIFS( electric_vehicle_sales_by_state[electric_vehicles_sold], electric_vehicle_sales_by_state[state], Table6[[#This Row],[State]], electric_vehicle_sales_by_state[vehicle_category], Table6[[#This Row],[Vehical-category]], electric_vehicle_sales_by_state[fiscal_year], Table6[[#This Row],[fiscal_year]] ) -> 221
A83: {=INDEX($F$3:$F$37, INT((ROW()-3)/6)+1)} -> Tripura | B83: 2-Wheelers | C83: 2024 | D83: =SUMIFS( electric_vehicle_sales_by_state[electric_vehicles_sold], electric_vehicle_sales_by_state[state], Table6[[#This Row],[State]], electric_vehicle_sales_by_state[vehicle_category], Table6[[#This Row],[Vehical-category]], electric_vehicle_sales_by_state[fiscal_year], Table6[[#This Row],[fiscal_year]] ) -> 273
